-- phpMyAdmin SQL Dump
-- version 4.5.2
-- http://www.phpmyadmin.net
--
-- Host: 127.0.0.1
-- Generation Time: Nov 16, 2018 at 02:09 PM
-- Server version: 5.7.9
-- PHP Version: 7.0.0

SET SQL_MODE = "NO_AUTO_VALUE_ON_ZERO";
SET time_zone = "+00:00";


/*!40101 SET @OLD_CHARACTER_SET_CLIENT=@@CHARACTER_SET_CLIENT */;
/*!40101 SET @OLD_CHARACTER_SET_RESULTS=@@CHARACTER_SET_RESULTS */;
/*!40101 SET @OLD_COLLATION_CONNECTION=@@COLLATION_CONNECTION */;
/*!40101 SET NAMES utf8mb4 */;

--
-- Database: `tag`
--

-- --------------------------------------------------------

--
-- Table structure for table `manufacturers`
--

DROP TABLE IF EXISTS `manufacturers`;
CREATE TABLE IF NOT EXISTS `manufacturers` (
  `man_id` int(11) NOT NULL AUTO_INCREMENT,
  `man_name` varchar(255) NOT NULL,
  PRIMARY KEY (`man_id`)
) ENGINE=MyISAM AUTO_INCREMENT=56 DEFAULT CHARSET=latin1;

--
-- Dumping data for table `manufacturers`
--

INSERT INTO `manufacturers` (`man_id`, `man_name`) VALUES
(30, 'Apple'),
(31, 'Brother'),
(32, 'Canon'),
(33, 'Compaq'),
(34, 'Copystar'),
(35, 'Dell'),
(36, 'Digital'),
(37, 'Epson'),
(38, 'Genicom'),
(39, 'Gestetner'),
(40, 'HP'),
(41, 'IBM'),
(42, 'Kodak'),
(43, 'Lexmark'),
(44, 'Okidata'),
(45, 'Panasonic'),
(46, 'Paper-Rolls'),
(47, 'PitneyBowes'),
(48, 'Ricoh'),
(49, 'Risograph'),
(50, 'Samsung'),
(51, 'Savin'),
(52, 'Sharp'),
(53, 'Tally'),
(54, 'Toshiba'),
(55, 'Xerox');

-- --------------------------------------------------------

--
-- Table structure for table `mytable`
--

DROP TABLE IF EXISTS `mytable`;
CREATE TABLE IF NOT EXISTS `mytable` (
  `id` int(10) NOT NULL AUTO_INCREMENT,
  `persons` varchar(100) NOT NULL,
  `date_time` timestamp NOT NULL,
  `time` timestamp NOT NULL,
  PRIMARY KEY (`id`)
) ENGINE=InnoDB DEFAULT CHARSET=latin1;

-- --------------------------------------------------------

--
-- Table structure for table `printer_models`
--

DROP TABLE IF EXISTS `printer_models`;
CREATE TABLE IF NOT EXISTS `printer_models` (
  `model_id` int(11) NOT NULL AUTO_INCREMENT,
  `man_id` int(11) NOT NULL,
  `type_id` int(11) NOT NULL,
  `model_text` varchar(255) NOT NULL,
  `avaiability` enum('Y','N') NOT NULL,
  PRIMARY KEY (`model_id`)
) ENGINE=MyISAM AUTO_INCREMENT=10290 DEFAULT CHARSET=latin1;

--
-- Dumping data for table `printer_models`
--

INSERT INTO `printer_models` (`model_id`, `man_id`, `type_id`, `model_text`, `avaiability`) VALUES
(5664, 30, 98, 'Apple-Color-Printer', 'Y'),
(5665, 30, 98, 'Color-Stylewriter-1500', 'Y'),
(5666, 30, 98, 'Color-Stylewriter-4100', 'Y'),
(5667, 30, 98, 'Color-Stylewriter-4500', 'Y'),
(5668, 30, 98, 'Color-Stylewriter-6500', 'Y'),
(5669, 30, 99, 'Laserwriter-16-600PS', 'Y'),
(5670, 30, 99, 'Laserwriter-4-600PS', 'Y'),
(5671, 30, 99, 'Laserwriter-II', 'Y'),
(5672, 30, 99, 'Laserwriter-PRO-600', 'Y'),
(5673, 30, 99, 'Laserwriter-PRO-630', 'Y'),
(5674, 30, 99, 'Personal-Laserwriter-300', 'Y'),
(5675, 31, 100, 'DCP-110c', 'Y'),
(5676, 31, 100, 'DCP-115c', 'Y'),
(5677, 31, 100, 'DCP-117c', 'Y'),
(5678, 31, 100, 'DCP-120c', 'Y'),
(5679, 31, 100, 'DCP-130c', 'Y'),
(5680, 31, 100, 'DCP-165c', 'Y'),
(5681, 31, 100, 'DCP-310cn', 'Y'),
(5682, 31, 100, 'DCP-315cn', 'Y'),
(5683, 31, 100, 'DCP-330C', 'Y'),
(5684, 31, 100, 'DCP-340CW', 'Y'),
(5685, 31, 100, 'DCP-350C', 'Y'),
(5686, 31, 100, 'DCP-375CW', 'Y'),
(5687, 31, 100, 'DCP-385C', 'Y'),
(5688, 31, 100, 'DCP-395CN', 'Y'),
(5689, 31, 100, 'DCP-540CN', 'Y'),
(5690, 31, 100, 'DCP-560CN', 'Y'),
(5691, 31, 100, 'DCP-585CW', 'Y'),
(5692, 31, 100, 'DCP-6690CW', 'Y'),
(5693, 31, 100, 'DCP-750CW', 'Y'),
(5694, 31, 100, 'DCP-770CW', 'Y'),
(5695, 31, 100, 'FAX-1360', 'Y'),
(5696, 31, 100, 'FAX-1840C', 'Y'),
(5697, 31, 100, 'FAX-1860C', 'Y'),
(5698, 31, 100, 'FAX-1940C', 'Y'),
(5699, 31, 100, 'FAX-1960C', 'Y'),
(5700, 31, 100, 'FAX-2440C', 'Y'),
(5701, 31, 100, 'FAX-2480C', 'Y'),
(5702, 31, 100, 'FAX-2580C', 'Y'),
(5703, 31, 100, 'MFC-210C', 'Y'),
(5704, 31, 100, 'MFC-215C', 'Y'),
(5705, 31, 100, 'MFC-230C', 'Y'),
(5706, 31, 100, 'MFC-240C', 'Y'),
(5707, 31, 100, 'MFC-250C', 'Y'),
(5708, 31, 100, 'MFC-255CW', 'Y'),
(5709, 31, 100, 'MFC-290C', 'Y'),
(5710, 31, 100, 'MFC-295CN', 'Y'),
(5711, 31, 100, 'MFC-3240C', 'Y'),
(5712, 31, 100, 'MFC-3340CN', 'Y'),
(5713, 31, 100, 'MFC-3360C', 'Y'),
(5714, 31, 100, 'MFC-410CN', 'Y'),
(5715, 31, 100, 'MFC-420CN', 'Y'),
(5716, 31, 100, 'MFC-425CN', 'Y'),
(5717, 31, 100, 'MFC-440CN', 'Y'),
(5718, 31, 100, 'MFC-465CN', 'Y'),
(5719, 31, 100, 'MFC-490CW', 'Y'),
(5720, 31, 100, 'MFC-495CW', 'Y'),
(5721, 31, 100, 'MFC-5440CN', 'Y'),
(5722, 31, 100, 'MFC-5460CN', 'Y'),
(5723, 31, 100, 'MFC-5490CN', 'Y'),
(5724, 31, 100, 'MFC-5840CN', 'Y'),
(5725, 31, 100, 'MFC-5860CN', 'Y'),
(5726, 31, 100, 'MFC-5890CN', 'Y'),
(5727, 31, 100, 'MFC-5895CW', 'Y'),
(5728, 31, 100, 'MFC-620CN', 'Y'),
(5729, 31, 100, 'MFC-640CW', 'Y'),
(5730, 31, 100, 'MFC-6490CW', 'Y'),
(5731, 31, 100, 'MFC-660CN', 'Y'),
(5732, 31, 100, 'MFC-665CW', 'Y'),
(5733, 31, 100, 'MFC-680CN', 'Y'),
(5734, 31, 100, 'MFC-685CW', 'Y'),
(5735, 31, 100, 'MFC-6890CDW', 'Y'),
(5736, 31, 100, 'MFC-6890DW', 'Y'),
(5737, 31, 100, 'MFC-6890W', 'Y'),
(5738, 31, 100, 'MFC-790CW', 'Y'),
(5739, 31, 100, 'MFC-795CW', 'Y'),
(5740, 31, 100, 'MFC-820CW', 'Y'),
(5741, 31, 100, 'MFC-845CW', 'Y'),
(5742, 31, 100, 'MFC-885CW', 'Y'),
(5743, 31, 100, 'MFC-990CW', 'Y'),
(5744, 31, 100, 'MFC-J220', 'Y'),
(5745, 31, 100, 'MFC-J265W', 'Y'),
(5746, 31, 100, 'MFC-J270W', 'Y'),
(5747, 31, 100, 'MFC-J410W', 'Y'),
(5748, 31, 100, 'MFC-J415W', 'Y'),
(5749, 31, 100, 'MFC-J615W', 'Y'),
(5750, 31, 100, 'MFC-J630W', 'Y'),
(5751, 31, 101, 'DCP-1000', 'Y'),
(5752, 31, 101, 'DCP-1200', 'Y'),
(5753, 31, 101, 'DCP-1400', 'Y'),
(5754, 31, 101, 'DCP-7010', 'Y'),
(5755, 31, 101, 'DCP-7020', 'Y'),
(5756, 31, 101, 'DCP-7020RF', 'Y'),
(5757, 31, 101, 'DCP-7025', 'Y'),
(5758, 31, 101, 'DCP-7030', 'Y'),
(5759, 31, 101, 'DCP-7040', 'Y'),
(5760, 31, 101, 'DCP-7045N', 'Y'),
(5761, 31, 101, 'DCP-7060D', 'Y'),
(5762, 31, 101, 'DCP-7065DN', 'Y'),
(5763, 31, 101, 'DCP-8020', 'Y'),
(5764, 31, 101, 'DCP-8025D', 'Y'),
(5765, 31, 101, 'DCP-8025DN', 'Y'),
(5766, 31, 101, 'DCP-8040', 'Y'),
(5767, 31, 101, 'DCP-8045D', 'Y'),
(5768, 31, 101, 'DCP-8045DN', 'Y'),
(5769, 31, 101, 'DCP-8060', 'Y'),
(5770, 31, 101, 'DCP-8060-MFP', 'Y'),
(5771, 31, 101, 'DCP-8065DN', 'Y'),
(5772, 31, 101, 'DCP-8080DN', 'Y'),
(5773, 31, 101, 'DCP-8085DN', 'Y'),
(5774, 31, 101, 'DCP-9010CN', 'Y'),
(5775, 31, 101, 'DCP-9040CN', 'Y'),
(5776, 31, 101, 'DCP-9045CDN', 'Y'),
(5777, 31, 101, 'FAX-2800', 'Y'),
(5778, 31, 101, 'FAX-2900', 'Y'),
(5779, 31, 101, 'FAX-2910', 'Y'),
(5780, 31, 101, 'FAX-2920', 'Y'),
(5781, 31, 101, 'FAX-3800', 'Y'),
(5782, 31, 101, 'FAX-4100', 'Y'),
(5783, 31, 101, 'FAX-4100e', 'Y'),
(5784, 31, 101, 'FAX-4750', 'Y'),
(5785, 31, 101, 'FAX-4750e', 'Y'),
(5786, 31, 101, 'FAX-5750', 'Y'),
(5787, 31, 101, 'FAX-5750e', 'Y'),
(5788, 31, 101, 'FAX-8070P', 'Y'),
(5789, 31, 101, 'FAX-8350P', 'Y'),
(5790, 31, 101, 'FAX-8360P', 'Y'),
(5791, 31, 101, 'FAX-8750P', 'Y'),
(5792, 31, 101, 'HL-1030', 'Y'),
(5793, 31, 101, 'HL-1230', 'Y'),
(5794, 31, 101, 'HL-1240', 'Y'),
(5795, 31, 101, 'HL-1250', 'Y'),
(5796, 31, 101, 'HL-1270N', 'Y'),
(5797, 31, 101, 'HL-1430', 'Y'),
(5798, 31, 101, 'HL-1435', 'Y'),
(5799, 31, 101, 'HL-1440', 'Y'),
(5800, 31, 101, 'HL-1450', 'Y'),
(5801, 31, 101, 'HL-1470N', 'Y'),
(5802, 31, 101, 'HL-1650', 'Y'),
(5803, 31, 101, 'HL-1670N', 'Y'),
(5804, 31, 101, 'HL-1850', 'Y'),
(5805, 31, 101, 'HL-1870N', 'Y'),
(5806, 31, 101, 'HL-2030', 'Y'),
(5807, 31, 101, 'HL-2040', 'Y'),
(5808, 31, 101, 'HL-2070', 'Y'),
(5809, 31, 101, 'HL-2070N', 'Y'),
(5810, 31, 101, 'HL-2130', 'Y'),
(5811, 31, 101, 'HL-2132', 'Y'),
(5812, 31, 101, 'HL-2140', 'Y'),
(5813, 31, 101, 'HL-2150N', 'Y'),
(5814, 31, 101, 'HL-2170W', 'Y'),
(5815, 31, 101, 'HL-2220', 'Y'),
(5816, 31, 101, 'HL-2230', 'Y'),
(5817, 31, 101, 'HL-2240', 'Y'),
(5818, 31, 101, 'HL-2240D', 'Y'),
(5819, 31, 101, 'HL-2242D', 'Y'),
(5820, 31, 101, 'HL-2250DN', 'Y'),
(5821, 31, 101, 'HL-2270DW', 'Y'),
(5822, 31, 101, 'HL-2280DW', 'Y'),
(5823, 31, 101, 'HL-3040CN', 'Y'),
(5824, 31, 101, 'HL-3070CW', 'Y'),
(5825, 31, 101, 'HL-4040CDN', 'Y'),
(5826, 31, 101, 'HL-4040CN', 'Y'),
(5827, 31, 101, 'HL-4070CDW', 'Y'),
(5828, 31, 101, 'HL-4150CDN', 'Y'),
(5829, 31, 101, 'HL-4570CDW', 'Y'),
(5830, 31, 101, 'HL-4570CDWT', 'Y'),
(5831, 31, 101, 'HL-5040', 'Y'),
(5832, 31, 101, 'HL-5050', 'Y'),
(5833, 31, 101, 'HL-5050LT', 'Y'),
(5834, 31, 101, 'HL-5070N', 'Y'),
(5835, 31, 101, 'HL-5130', 'Y'),
(5836, 31, 101, 'HL-5140', 'Y'),
(5837, 31, 101, 'HL-5150D', 'Y'),
(5838, 31, 101, 'HL-5150DLT', 'Y'),
(5839, 31, 101, 'HL-5170DLT', 'Y'),
(5840, 31, 101, 'HL-5170DN', 'Y'),
(5841, 31, 101, 'HL-5240', 'Y'),
(5842, 31, 101, 'HL-5250DN', 'Y'),
(5843, 31, 101, 'HL-5250DNT', 'Y'),
(5844, 31, 101, 'HL-5270DN', 'Y'),
(5845, 31, 101, 'HL-5280DW', 'Y'),
(5846, 31, 101, 'HL-5340D', 'Y'),
(5847, 31, 101, 'HL-5350DN', 'Y'),
(5848, 31, 101, 'HL-5350DNLT', 'Y'),
(5849, 31, 101, 'HL-5370DW', 'Y'),
(5850, 31, 101, 'HL-5370DWT', 'Y'),
(5851, 31, 101, 'HL-5380DN', 'Y'),
(5852, 31, 101, 'HL-6050D', 'Y'),
(5853, 31, 101, 'HL-6050DN', 'Y'),
(5854, 31, 101, 'HL-6050DW', 'Y'),
(5855, 31, 101, 'HL-8070', 'Y'),
(5856, 31, 101, 'HL-8370', 'Y'),
(5857, 31, 101, 'HL-P2500', 'Y'),
(5858, 31, 101, 'MFC-4800', 'Y'),
(5859, 31, 101, 'MFC-5895CW', 'Y'),
(5860, 31, 101, 'MFC-6800', 'Y'),
(5861, 31, 101, 'MFC-7220', 'Y'),
(5862, 31, 101, 'MFC-7220RF', 'Y'),
(5863, 31, 101, 'MFC-7225N', 'Y'),
(5864, 31, 101, 'MFC-7225NRF', 'Y'),
(5865, 31, 101, 'MFC-7320', 'Y'),
(5866, 31, 101, 'MFC-7340', 'Y'),
(5867, 31, 101, 'MFC-7345DN', 'Y'),
(5868, 31, 101, 'MFC-7345N', 'Y'),
(5869, 31, 101, 'MFC-7360N', 'Y'),
(5870, 31, 101, 'MFC-7420', 'Y'),
(5871, 31, 101, 'MFC-7420RF', 'Y'),
(5872, 31, 101, 'MFC-7440N', 'Y'),
(5873, 31, 101, 'MFC-7460DN', 'Y'),
(5874, 31, 101, 'MFC-7820', 'Y'),
(5875, 31, 101, 'MFC-7820N', 'Y'),
(5876, 31, 101, 'MFC-7820NRF', 'Y'),
(5877, 31, 101, 'MFC-7840W', 'Y'),
(5878, 31, 101, 'MFC-7860DW', 'Y'),
(5879, 31, 101, 'MFC-8120', 'Y'),
(5880, 31, 101, 'MFC-8220', 'Y'),
(5881, 31, 101, 'MFC-8300', 'Y'),
(5882, 31, 101, 'MFC-8370', 'Y'),
(5883, 31, 101, 'MFC-8420', 'Y'),
(5884, 31, 101, 'MFC-8440', 'Y'),
(5885, 31, 101, 'MFC-8460N', 'Y'),
(5886, 31, 101, 'MFC-8470dn', 'Y'),
(5887, 31, 101, 'MFC-8480DN', 'Y'),
(5888, 31, 101, 'MFC-850', 'Y'),
(5889, 31, 101, 'MFC-8500', 'Y'),
(5890, 31, 101, 'MFC-8600', 'Y'),
(5891, 31, 101, 'MFC-8640D', 'Y'),
(5892, 31, 101, 'MFC-8660DN', 'Y'),
(5893, 31, 101, 'MFC-8670DN', 'Y'),
(5894, 31, 101, 'MFC-8680DN', 'Y'),
(5895, 31, 101, 'MFC-8690DW', 'Y'),
(5896, 31, 101, 'MFC-8700', 'Y'),
(5897, 31, 101, 'MFC-8820D', 'Y'),
(5898, 31, 101, 'MFC-8820DN', 'Y'),
(5899, 31, 101, 'MFC-8840D', 'Y'),
(5900, 31, 101, 'MFC-8840DN', 'Y'),
(5901, 31, 101, 'MFC-8860DN', 'Y'),
(5902, 31, 101, 'MFC-8870DW', 'Y'),
(5903, 31, 101, 'MFC-8880DN', 'Y'),
(5904, 31, 101, 'MFC-8890DW', 'Y'),
(5905, 31, 101, 'MFC-9010CN', 'Y'),
(5906, 31, 101, 'MFC-9030', 'Y'),
(5907, 31, 101, 'MFC-9070', 'Y'),
(5908, 31, 101, 'MFC-9120CN', 'Y'),
(5909, 31, 101, 'MFC-9160', 'Y'),
(5910, 31, 101, 'MFC-9180', 'Y'),
(5911, 31, 101, 'MFC-9320CN', 'Y'),
(5912, 31, 101, 'MFC-9320CW', 'Y'),
(5913, 31, 101, 'MFC-9440CN', 'Y'),
(5914, 31, 101, 'MFC-9450CDN', 'Y'),
(5915, 31, 101, 'MFC-9460CDN', 'Y'),
(5916, 31, 101, 'MFC-946CDN', 'Y'),
(5917, 31, 101, 'MFC-9560CDW', 'Y'),
(5918, 31, 101, 'MFC-956CDW', 'Y'),
(5919, 31, 101, 'MFC-9600', 'Y'),
(5920, 31, 101, 'MFC-9650', 'Y'),
(5921, 31, 101, 'MFC-9660', 'Y'),
(5922, 31, 101, 'MFC-9660N', 'Y'),
(5923, 31, 101, 'MFC-9680', 'Y'),
(5924, 31, 101, 'MFC-9700', 'Y'),
(5925, 31, 101, 'MFC-9750', 'Y'),
(5926, 31, 101, 'MFC-9760', 'Y'),
(5927, 31, 101, 'MFC-9800', 'Y'),
(5928, 31, 101, 'MFC-9840CDW', 'Y'),
(5929, 31, 101, 'MFC-9850', 'Y'),
(5930, 31, 101, 'MFC-9860', 'Y'),
(5931, 31, 101, 'MFC-9870', 'Y'),
(5932, 31, 101, 'MFC-9880', 'Y'),
(5933, 31, 101, 'MFC-9880N', 'Y'),
(5934, 31, 101, 'MFC-9970CDW', 'Y'),
(5935, 31, 101, 'MFC-P2500', 'Y'),
(5936, 31, 101, 'PPF-2800', 'Y'),
(5937, 31, 101, 'PPF-2820', 'Y'),
(5938, 31, 101, 'PPF-2820RF', 'Y'),
(5939, 31, 101, 'PPF-2900', 'Y'),
(5940, 31, 101, 'PPF-2910RF', 'Y'),
(5941, 31, 101, 'PPF-2920', 'Y'),
(5942, 31, 101, 'PPF-2920RF', 'Y'),
(5943, 31, 101, 'PPF-3800', 'Y'),
(5944, 31, 101, 'PPF-4100e-Fax', 'Y'),
(5945, 31, 101, 'PPF-4100-Fax', 'Y'),
(5946, 31, 101, 'PPF-4750e-Fax', 'Y'),
(5947, 31, 101, 'PPF-4750-Fax', 'Y'),
(5948, 31, 101, 'PPF-5750e-Fax', 'Y'),
(5949, 31, 101, 'PPF-5750-Fax', 'Y'),
(5950, 31, 101, 'PPF-8350P-Fax', 'Y'),
(5951, 31, 101, 'PPF-8360P-Fax', 'Y'),
(5952, 31, 101, 'PPF-8750P-Fax', 'Y'),
(5953, 31, 102, 'FAX-1010', 'Y'),
(5954, 31, 102, 'FAX-1020e', 'Y'),
(5955, 31, 102, 'FAX-1020P', 'Y'),
(5956, 31, 102, 'FAX-1030', 'Y'),
(5957, 31, 102, 'FAX-1030e', 'Y'),
(5958, 31, 102, 'FAX-1030P', 'Y'),
(5959, 31, 102, 'FAX-1170', 'Y'),
(5960, 31, 102, 'FAX-1270', 'Y'),
(5961, 31, 102, 'FAX-1570', 'Y'),
(5962, 31, 102, 'FAX-1575', 'Y'),
(5963, 31, 102, 'FAX-560', 'Y'),
(5964, 31, 102, 'FAX-565', 'Y'),
(5965, 31, 102, 'FAX-575', 'Y'),
(5966, 31, 102, 'FAX-580MC', 'Y'),
(5967, 31, 102, 'FAX-750', 'Y'),
(5968, 31, 102, 'FAX-770', 'Y'),
(5969, 31, 102, 'FAX-775', 'Y'),
(5970, 31, 102, 'FAX-870', 'Y'),
(5971, 31, 102, 'FAX-885', 'Y'),
(5972, 31, 102, 'FAX-910', 'Y'),
(5973, 31, 102, 'FAX-917', 'Y'),
(5974, 31, 102, 'FAX-920', 'Y'),
(5975, 31, 102, 'FAX-921', 'Y'),
(5976, 31, 102, 'FAX-930', 'Y'),
(5977, 31, 102, 'FAX-931', 'Y'),
(5978, 31, 102, 'FAX-940', 'Y'),
(5979, 31, 102, 'MFC-1025', 'Y'),
(5980, 31, 102, 'MFC-1770', 'Y'),
(5981, 31, 102, 'MFC-1780', 'Y'),
(5982, 31, 102, 'MFC-1870', 'Y'),
(5983, 31, 102, 'MFC-1970', 'Y'),
(5984, 31, 102, 'MFC-660MC', 'Y'),
(5985, 31, 102, 'MFC-970', 'Y'),
(5986, 32, 103, 'B380IF-MFP', 'Y'),
(5987, 32, 103, 'BJC-2000-Series', 'Y'),
(5988, 32, 103, 'BJC-2100-Series', 'Y'),
(5989, 32, 103, 'BJC-3000-Series', 'Y'),
(5990, 32, 103, 'BJC-4000', 'Y'),
(5991, 32, 103, 'BJC-4100', 'Y'),
(5992, 32, 103, 'BJC-4200-Series', 'Y'),
(5993, 32, 103, 'BJC-4300-Series', 'Y'),
(5994, 32, 103, 'BJC-4400-Series', 'Y'),
(5995, 32, 103, 'BJC-4550', 'Y'),
(5996, 32, 103, 'BJC-5000', 'Y'),
(5997, 32, 103, 'BJC-6000', 'Y'),
(5998, 32, 103, 'CFX-B380-IF', 'Y'),
(5999, 32, 103, 'FAX-C855', 'Y'),
(6000, 32, 103, 'FAX-JX200', 'Y'),
(6001, 32, 103, 'FAX-JX210P', 'Y'),
(6002, 32, 103, 'i450', 'Y'),
(6003, 32, 103, 'i550', 'Y'),
(6004, 32, 103, 'i560-Series', 'Y'),
(6005, 32, 103, 'i850-Series', 'Y'),
(6006, 32, 103, 'i860-Series', 'Y'),
(6007, 32, 103, 'ix4000-A3-Printer', 'Y'),
(6008, 32, 103, 'ix5000-A3-Printer', 'Y'),
(6009, 32, 103, 'Multipass-700', 'Y'),
(6010, 32, 103, 'Multipass-730', 'Y'),
(6011, 32, 103, 'Multipass-C2500', 'Y'),
(6012, 32, 103, 'Multipass-C3000', 'Y'),
(6013, 32, 103, 'Multipass-C3500', 'Y'),
(6014, 32, 103, 'Multipass-C5000', 'Y'),
(6015, 32, 103, 'Multipass-C530', 'Y'),
(6016, 32, 103, 'Multipass-C545', 'Y'),
(6017, 32, 103, 'Multipass-C5500', 'Y'),
(6018, 32, 103, 'Multipass-C555', 'Y'),
(6019, 32, 103, 'Multipass-C560', 'Y'),
(6020, 32, 103, 'Multipass-C635', 'Y'),
(6021, 32, 103, 'Multipass-F30', 'Y'),
(6022, 32, 103, 'Multipass-F50', 'Y'),
(6023, 32, 103, 'Multipass-F60', 'Y'),
(6024, 32, 103, 'Multipass-F80', 'Y'),
(6025, 32, 103, 'PIXMA-iP1300', 'Y'),
(6026, 32, 103, 'PIXMA-iP1600', 'Y'),
(6027, 32, 103, 'PIXMA-iP1700', 'Y'),
(6028, 32, 103, 'PIXMA-iP1800', 'Y'),
(6029, 32, 103, 'PIXMA-iP1900', 'Y'),
(6030, 32, 103, 'PIXMA-iP2600', 'Y'),
(6031, 32, 103, 'PIXMA-ip2700', 'Y'),
(6032, 32, 103, 'PIXMA-iP2702', 'Y'),
(6033, 32, 103, 'PIXMA-iP3000', 'Y'),
(6034, 32, 103, 'PIXMA-iP3300', 'Y'),
(6035, 32, 103, 'PIXMA-iP3500', 'Y'),
(6036, 32, 103, 'PIXMA-iP3600', 'Y'),
(6037, 32, 103, 'PIXMA-iP4000', 'Y'),
(6038, 32, 103, 'PIXMA-iP4000R', 'Y'),
(6039, 32, 103, 'PIXMA-iP4200', 'Y'),
(6040, 32, 103, 'PIXMA-iP4300', 'Y'),
(6041, 32, 103, 'PIXMA-iP4500', 'Y'),
(6042, 32, 103, 'PIXMA-iP4600', 'Y'),
(6043, 32, 103, 'PIXMA-iP4700', 'Y'),
(6044, 32, 103, 'PIXMA-iP4820', 'Y'),
(6045, 32, 103, 'PIXMA-iP5000', 'Y'),
(6046, 32, 103, 'PIXMA-iP5200', 'Y'),
(6047, 32, 103, 'PIXMA-iP5200R', 'Y'),
(6048, 32, 103, 'PIXMA-iP5300', 'Y'),
(6049, 32, 103, 'PIXMA-iP6210D', 'Y'),
(6050, 32, 103, 'PIXMA-iP6220D', 'Y'),
(6051, 32, 103, 'PIXMA-iP6310D', 'Y'),
(6052, 32, 103, 'PIXMA-iP6320D', 'Y'),
(6053, 32, 103, 'PIXMA-iP6600D', 'Y'),
(6054, 32, 103, 'PIXMA-iP6700D', 'Y'),
(6055, 32, 103, 'PIXMA-ix6520', 'Y'),
(6056, 32, 103, 'PIXMA-iX6550', 'Y'),
(6057, 32, 103, 'PIXMA-MG5120', 'Y'),
(6058, 32, 103, 'PIXMA-MG5220', 'Y'),
(6059, 32, 103, 'PIXMA-MG6120', 'Y'),
(6060, 32, 103, 'PIXMA-MG6220', 'Y'),
(6061, 32, 103, 'PIXMA-MG8120', 'Y'),
(6062, 32, 103, 'PIXMA-MG8220', 'Y'),
(6063, 32, 103, 'PIXMA-MP140', 'Y'),
(6064, 32, 103, 'PIXMA-MP150', 'Y'),
(6065, 32, 103, 'PIXMA-MP160', 'Y'),
(6066, 32, 103, 'PIXMA-MP170', 'Y'),
(6067, 32, 103, 'PIXMA-MP180', 'Y'),
(6068, 32, 103, 'PIXMA-MP190', 'Y'),
(6069, 32, 103, 'PIXMA-MP210', 'Y'),
(6070, 32, 103, 'PIXMA-MP220', 'Y'),
(6071, 32, 103, 'PIXMA-MP240', 'Y'),
(6072, 32, 103, 'PIXMA-MP250', 'Y'),
(6073, 32, 103, 'PIXMA-MP260', 'Y'),
(6074, 32, 103, 'PIXMA-MP270', 'Y'),
(6075, 32, 103, 'PIXMA-MP280', 'Y'),
(6076, 32, 103, 'PIXMA-MP450', 'Y'),
(6077, 32, 103, 'PIXMA-MP460', 'Y'),
(6078, 32, 103, 'PIXMA-MP470', 'Y'),
(6079, 32, 103, 'PIXMA-MP480', 'Y'),
(6080, 32, 103, 'PIXMA-MP490', 'Y'),
(6081, 32, 103, 'PIXMA-MP495', 'Y'),
(6082, 32, 103, 'PIXMA-MP500', 'Y'),
(6083, 32, 103, 'PIXMA-MP510', 'Y'),
(6084, 32, 103, 'PIXMA-MP520', 'Y'),
(6085, 32, 103, 'PIXMA-MP530', 'Y'),
(6086, 32, 103, 'PIXMA-MP540', 'Y'),
(6087, 32, 103, 'PIXMA-MP550', 'Y'),
(6088, 32, 103, 'PIXMA-MP560', 'Y'),
(6089, 32, 103, 'PIXMA-MP600', 'Y'),
(6090, 32, 103, 'PIXMA-MP610', 'Y'),
(6091, 32, 103, 'PIXMA-MP620', 'Y'),
(6092, 32, 103, 'PIXMA-MP630', 'Y'),
(6093, 32, 103, 'PIXMA-MP640', 'Y'),
(6094, 32, 103, 'PIXMA-MP700', 'Y'),
(6095, 32, 103, 'PIXMA-MP730', 'Y'),
(6096, 32, 103, 'PIXMA-MP750', 'Y'),
(6097, 32, 103, 'PIXMA-MP760', 'Y'),
(6098, 32, 103, 'PIXMA-MP780', 'Y'),
(6099, 32, 103, 'PIXMA-MP800', 'Y'),
(6100, 32, 103, 'PIXMA-MP800R', 'Y'),
(6101, 32, 103, 'PIXMA-MP810', 'Y'),
(6102, 32, 103, 'PIXMA-MP830', 'Y'),
(6103, 32, 103, 'PIXMA-MP950', 'Y'),
(6104, 32, 103, 'PIXMA-MP960', 'Y'),
(6105, 32, 103, 'PIXMA-MP970', 'Y'),
(6106, 32, 103, 'PIXMA-MP980', 'Y'),
(6107, 32, 103, 'PIXMA-MP990', 'Y'),
(6108, 32, 103, 'PIXMA-MX300', 'Y'),
(6109, 32, 103, 'PIXMA-MX310', 'Y'),
(6110, 32, 103, 'PIXMA-MX320', 'Y'),
(6111, 32, 103, 'PIXMA-MX330', 'Y'),
(6112, 32, 103, 'PIXMA-MX340', 'Y'),
(6113, 32, 103, 'PIXMA-MX350', 'Y'),
(6114, 32, 103, 'PIXMA-MX360', 'Y'),
(6115, 32, 103, 'PIXMA-MX410', 'Y'),
(6116, 32, 103, 'PIXMA-MX420', 'Y'),
(6117, 32, 103, 'PIXMA-MX700', 'Y'),
(6118, 32, 103, 'PIXMA-MX850', 'Y'),
(6119, 32, 103, 'PIXMA-MX860', 'Y'),
(6120, 32, 103, 'PIXMA-MX870', 'Y'),
(6121, 32, 103, 'PIXMA-MX882', 'Y'),
(6122, 32, 103, 'PIXMA-MX885', 'Y'),
(6123, 32, 103, 'PIXMA-PMFP1', 'Y'),
(6124, 32, 103, 'PIXMA-PMFP3', 'Y'),
(6125, 32, 103, 'PIXMA-Pro9000', 'Y'),
(6126, 32, 103, 'PIXMA-Pro9000-Mark-II', 'Y'),
(6127, 32, 103, 'PIXMA-SFP1', 'Y'),
(6128, 32, 103, 'PIXMA-SFP2', 'Y'),
(6129, 32, 103, 'PIXUS-iP2500', 'Y'),
(6130, 32, 103, 'PIXUS-iP4100', 'Y'),
(6131, 32, 103, 'PIXUS-iP4100R', 'Y'),
(6132, 32, 103, 'PIXUS-iP4200', 'Y'),
(6133, 32, 103, 'PIXUS-iP4300', 'Y'),
(6134, 32, 103, 'PIXUS-iP6100D', 'Y'),
(6135, 32, 103, 'PIXUS-iP6600D', 'Y'),
(6136, 32, 103, 'PIXUS-iP6700d', 'Y'),
(6137, 32, 103, 'PIXUS-iP7100', 'Y'),
(6138, 32, 103, 'PIXUS-iP7500', 'Y'),
(6139, 32, 103, 'PIXUS-iP8100', 'Y'),
(6140, 32, 103, 'PIXUS-iP8600', 'Y'),
(6141, 32, 103, 'PIXUS-MP170', 'Y'),
(6142, 32, 103, 'PIXUS-MP460', 'Y'),
(6143, 32, 103, 'PIXUS-MP600', 'Y'),
(6144, 32, 103, 'PIXUS-MP610', 'Y'),
(6145, 32, 103, 'PIXUS-MP770', 'Y'),
(6146, 32, 103, 'PIXUS-MP790', 'Y'),
(6147, 32, 103, 'PIXUS-MP800', 'Y'),
(6148, 32, 103, 'PIXUS-MP810', 'Y'),
(6149, 32, 103, 'PIXUS-MP830', 'Y'),
(6150, 32, 103, 'PIXUS-MP900', 'Y'),
(6151, 32, 103, 'PIXUS-MP950', 'Y'),
(6152, 32, 103, 'PIXUS-MP960', 'Y'),
(6153, 32, 103, 'PIXUS-MX860', 'Y'),
(6154, 32, 103, 'PIXUS-Pro9000', 'Y'),
(6155, 32, 103, 'PIXUS-Pro9000-Mark-II', 'Y'),
(6156, 32, 103, 'S400', 'Y'),
(6157, 32, 103, 'S450', 'Y'),
(6158, 32, 103, 'S500', 'Y'),
(6159, 32, 103, 'S520', 'Y'),
(6160, 32, 103, 'S530D', 'Y'),
(6161, 32, 103, 'S600', 'Y'),
(6162, 32, 103, 'S630', 'Y'),
(6163, 32, 103, 'S630-Network', 'Y'),
(6164, 32, 103, 'S750', 'Y'),
(6165, 32, 104, 'CFX-L3500IF', 'Y'),
(6166, 32, 104, 'CFX-L4000', 'Y'),
(6167, 32, 104, 'CFX-L4500IF', 'Y'),
(6168, 32, 104, 'FAX-L100', 'Y'),
(6169, 32, 104, 'FAX-L120', 'Y'),
(6170, 32, 104, 'FAX-L140', 'Y'),
(6171, 32, 104, 'FAX-L200', 'Y'),
(6172, 32, 104, 'FAX-L2000', 'Y'),
(6173, 32, 104, 'FAX-L2000iP', 'Y'),
(6174, 32, 104, 'FAX-L2000-iP', 'Y'),
(6175, 32, 104, 'FAX-L220', 'Y'),
(6176, 32, 104, 'FAX-L240', 'Y'),
(6177, 32, 104, 'FAX-L250', 'Y'),
(6178, 32, 104, 'FAX-L260', 'Y'),
(6179, 32, 104, 'FAX-L260i', 'Y'),
(6180, 32, 104, 'FAX-L280', 'Y'),
(6181, 32, 104, 'FAX-L290', 'Y'),
(6182, 32, 104, 'FAX-L295', 'Y'),
(6183, 32, 104, 'FAX-L300', 'Y'),
(6184, 32, 104, 'FAX-L350', 'Y'),
(6185, 32, 104, 'FAX-L360', 'Y'),
(6186, 32, 104, 'FAX-L380', 'Y'),
(6187, 32, 104, 'FAX-L380S', 'Y'),
(6188, 32, 104, 'FAX-L390', 'Y'),
(6189, 32, 104, 'FAX-L400', 'Y'),
(6190, 32, 104, 'FAXPHONE-L120', 'Y'),
(6191, 32, 104, 'FAXPHONE-L170', 'Y'),
(6192, 32, 104, 'FAXPHONE-L75', 'Y'),
(6193, 32, 104, 'FAXPHONE-L80', 'Y'),
(6194, 32, 104, 'FAXPHONE-L90', 'Y'),
(6195, 32, 104, 'FC-100', 'Y'),
(6196, 32, 104, 'FC-120', 'Y'),
(6197, 32, 104, 'FC-200', 'Y'),
(6198, 32, 104, 'FC-204', 'Y'),
(6199, 32, 104, 'FC-220', 'Y'),
(6200, 32, 104, 'FC-224', 'Y'),
(6201, 32, 104, 'FC-224S', 'Y'),
(6202, 32, 104, 'FC-226', 'Y'),
(6203, 32, 104, 'FC-228', 'Y'),
(6204, 32, 104, 'FC-230', 'Y'),
(6205, 32, 104, 'FC-310', 'Y'),
(6206, 32, 104, 'FC-330', 'Y'),
(6207, 32, 104, 'FC-336', 'Y'),
(6208, 32, 104, 'imageCLASS-1100', 'Y'),
(6209, 32, 104, 'ImageCLASS-2300-Series', 'Y'),
(6210, 32, 104, 'imageCLASS-D1100', 'Y'),
(6211, 32, 104, 'imageCLASS-D1120', 'Y'),
(6212, 32, 104, 'imageCLASS-D1150', 'Y'),
(6213, 32, 104, 'imageCLASS-D1170', 'Y'),
(6214, 32, 104, 'imageCLASS-D1180', 'Y'),
(6215, 32, 104, 'imageCLASS-D320', 'Y'),
(6216, 32, 104, 'imageCLASS-D340', 'Y'),
(6217, 32, 104, 'imageCLASS-D360', 'Y'),
(6218, 32, 104, 'imageCLASS-D420', 'Y'),
(6219, 32, 104, 'imageCLASS-D480', 'Y'),
(6220, 32, 104, 'imageCLASS-D660', 'Y'),
(6221, 32, 104, 'imageCLASS-D661', 'Y'),
(6222, 32, 104, 'imageCLASS-D680', 'Y'),
(6223, 32, 104, 'imageCLASS-D760', 'Y'),
(6224, 32, 104, 'imageCLASS-D761', 'Y'),
(6225, 32, 104, 'imageCLASS-D780', 'Y'),
(6226, 32, 104, 'imageCLASS-D860', 'Y'),
(6227, 32, 104, 'imageCLASS-D861', 'Y'),
(6228, 32, 104, 'imageCLASS-D880', 'Y'),
(6229, 32, 104, 'imageCLASS-MF3110', 'Y'),
(6230, 32, 104, 'imageCLASS-MF3111', 'Y'),
(6231, 32, 104, 'imageCLASS-MF3240', 'Y'),
(6232, 32, 104, 'imageCLASS-MF4150', 'Y'),
(6233, 32, 104, 'imageCLASS-MF4270', 'Y'),
(6234, 32, 104, 'imageCLASS-MF4350d', 'Y'),
(6235, 32, 104, 'imageCLASS-MF4370dn', 'Y'),
(6236, 32, 104, 'imageCLASS-MF4380dn', 'Y'),
(6237, 32, 104, 'imageCLASS-MF4690', 'Y'),
(6238, 32, 104, 'imageCLASS-MF5500', 'Y'),
(6239, 32, 104, 'imageCLASS-MF5530', 'Y'),
(6240, 32, 104, 'imageCLASS-MF5550', 'Y'),
(6241, 32, 104, 'imageCLASS-MF5630', 'Y'),
(6242, 32, 104, 'imageCLASS-MF5650', 'Y'),
(6243, 32, 104, 'imageCLASS-MF5730', 'Y'),
(6244, 32, 104, 'imageCLASS-MF5750', 'Y'),
(6245, 32, 104, 'imageCLASS-MF5770', 'Y'),
(6246, 32, 104, 'imageCLASS-MF6500-Series', 'Y'),
(6247, 32, 104, 'imageCLASS-MF6530-MFP', 'Y'),
(6248, 32, 104, 'imageCLASS-MF6531-MFP', 'Y'),
(6249, 32, 104, 'imageCLASS-MF6540', 'Y'),
(6250, 32, 104, 'imageCLASS-MF6550-MFP', 'Y'),
(6251, 32, 104, 'imageCLASS-MF6560-MFP', 'Y'),
(6252, 32, 104, 'imageCLASS-MF6580cx-MFP', 'Y'),
(6253, 32, 104, 'imageCLASS-MF6580-MFP', 'Y'),
(6254, 32, 104, 'imageCLASS-MF6590', 'Y'),
(6255, 32, 104, 'imageCLASS-MF6595', 'Y'),
(6256, 32, 104, 'imageCLASS-MF6595cx', 'Y'),
(6257, 32, 104, 'i-SENSYS-4120', 'Y'),
(6258, 32, 104, 'i-SENSYS-4140', 'Y'),
(6259, 32, 104, 'i-SENSYS-4150', 'Y'),
(6260, 32, 104, 'i-SENSYS-Fax-L160', 'Y'),
(6261, 32, 104, 'i-SENSYS-MF4010', 'Y'),
(6262, 32, 104, 'i-SENSYS-MF4100', 'Y'),
(6263, 32, 104, 'i-SENSYS-MF4110', 'Y'),
(6264, 32, 104, 'i-SENSYS-MF4120', 'Y'),
(6265, 32, 104, 'i-SENSYS-MF4140', 'Y'),
(6266, 32, 104, 'i-SENSYS-MF4150', 'Y'),
(6267, 32, 104, 'i-SENSYS-MF4270', 'Y'),
(6268, 32, 104, 'i-SENSYS-MF4320d', 'Y'),
(6269, 32, 104, 'i-SENSYS-MF4330d', 'Y'),
(6270, 32, 104, 'i-SENSYS-MF4340d', 'Y'),
(6271, 32, 104, 'i-SENSYS-MF4350d', 'Y'),
(6272, 32, 104, 'i-SENSYS-MF4370dn', 'Y'),
(6273, 32, 104, 'i-SENSYS-MF4380dn', 'Y'),
(6274, 32, 104, 'i-SENSYS-MF4660PL', 'Y'),
(6275, 32, 104, 'i-SENSYS-MF4690PL', 'Y'),
(6276, 32, 104, 'i-SENSYS-MF6680dn', 'Y'),
(6277, 32, 104, 'LaserBase-MF3110', 'Y'),
(6278, 32, 104, 'LaserBase-MF3220', 'Y'),
(6279, 32, 104, 'LaserBase-MF3240', 'Y'),
(6280, 32, 104, 'LaserBase-MF5630', 'Y'),
(6281, 32, 104, 'LaserBase-MF5650', 'Y'),
(6282, 32, 104, 'LaserBase-MF5770', 'Y'),
(6283, 32, 104, 'LaserBase-MF6530-MFP', 'Y'),
(6284, 32, 104, 'LaserBase-MF6540PL-MFP', 'Y'),
(6285, 32, 104, 'LaserBase-MF6550PL-MFP', 'Y'),
(6286, 32, 104, 'LaserBase-MF6560PL-MFP', 'Y'),
(6287, 32, 104, 'LaserBaseMF6580-MFP', 'Y'),
(6288, 32, 104, 'LaserCLASS-1060P', 'Y'),
(6289, 32, 104, 'LaserCLASS-2050', 'Y'),
(6290, 32, 104, 'LaserCLASS-2060', 'Y'),
(6291, 32, 104, 'LaserCLASS-310', 'Y'),
(6292, 32, 104, 'LaserCLASS-510', 'Y'),
(6293, 32, 104, 'LaserCLASS-710', 'Y'),
(6294, 32, 104, 'LaserCLASS-720i', 'Y'),
(6295, 32, 104, 'LaserCLASS-730i', 'Y'),
(6296, 32, 104, 'LaserCLASS-L300', 'Y'),
(6297, 32, 104, 'LaserCLASS-L4000', 'Y'),
(6298, 32, 104, 'LBP-2410', 'Y'),
(6299, 32, 104, 'LBP-300LDA', 'Y'),
(6300, 32, 104, 'LBP-300LDF', 'Y'),
(6301, 32, 104, 'LBP-300N', 'Y'),
(6302, 32, 104, 'LBP-3200', 'Y'),
(6303, 32, 104, 'LBP-3210', 'Y'),
(6304, 32, 104, 'mageCLASS-MF6595cx', 'Y'),
(6305, 32, 104, 'MF8170C', 'Y'),
(6306, 32, 104, 'MF8180C', 'Y'),
(6307, 32, 104, 'MP-L6000-MFP', 'Y'),
(6308, 32, 104, 'MP-L60-MFP', 'Y'),
(6309, 32, 104, 'MP-L90-MFP', 'Y'),
(6310, 32, 104, 'PC-1060', 'Y'),
(6311, 32, 104, 'PC-1061', 'Y'),
(6312, 32, 104, 'PC-1080F', 'Y'),
(6313, 32, 104, 'PC-140', 'Y'),
(6314, 32, 104, 'PC-150', 'Y'),
(6315, 32, 104, 'PC-160', 'Y'),
(6316, 32, 104, 'PC-170', 'Y'),
(6317, 32, 104, 'PC-300', 'Y'),
(6318, 32, 104, 'PC-310', 'Y'),
(6319, 32, 104, 'PC-320', 'Y'),
(6320, 32, 104, 'PC-325', 'Y'),
(6321, 32, 104, 'PC-330', 'Y'),
(6322, 32, 104, 'PC-330L', 'Y'),
(6323, 32, 104, 'PC-400', 'Y'),
(6324, 32, 104, 'PC-420', 'Y'),
(6325, 32, 104, 'PC-425', 'Y'),
(6326, 32, 104, 'PC-428', 'Y'),
(6327, 32, 104, 'PC-430', 'Y'),
(6328, 32, 104, 'PC-530', 'Y'),
(6329, 32, 104, 'PC-550', 'Y'),
(6330, 32, 104, 'PC-710', 'Y'),
(6331, 32, 104, 'PC-720', 'Y'),
(6332, 32, 104, 'PC-730', 'Y'),
(6333, 32, 104, 'PC-735', 'Y'),
(6334, 32, 104, 'PC-740', 'Y'),
(6335, 32, 104, 'PC-745', 'Y'),
(6336, 32, 104, 'PC-760', 'Y'),
(6337, 32, 104, 'PC-770', 'Y'),
(6338, 32, 104, 'PC-775', 'Y'),
(6339, 32, 104, 'PC-785', 'Y'),
(6340, 32, 104, 'PC-790', 'Y'),
(6341, 32, 104, 'PC-795', 'Y'),
(6342, 32, 104, 'PC-860', 'Y'),
(6343, 32, 104, 'PC-880', 'Y'),
(6344, 32, 104, 'PC-890', 'Y'),
(6345, 32, 104, 'PC-920', 'Y'),
(6346, 32, 104, 'PC-921', 'Y'),
(6347, 32, 104, 'PC-940', 'Y'),
(6348, 32, 104, 'PC-941', 'Y'),
(6349, 32, 104, 'PC-950', 'Y'),
(6350, 32, 104, 'PC-980', 'Y'),
(6351, 32, 104, 'PC-981', 'Y'),
(6352, 32, 104, 'PC-D320', 'Y'),
(6353, 32, 104, 'PC-D340', 'Y'),
(6354, 32, 104, 'Satera-D450', 'Y'),
(6355, 32, 104, 'Satera-MF4010', 'Y'),
(6356, 32, 104, 'Satera-MF4120', 'Y'),
(6357, 32, 104, 'Satera-MF4130', 'Y'),
(6358, 32, 104, 'Satera-MF4150', 'Y'),
(6359, 32, 104, 'Satera-MF4330d', 'Y'),
(6360, 32, 104, 'Satera-MF4350d', 'Y'),
(6361, 32, 104, 'Satera-MF4370dn', 'Y'),
(6362, 32, 104, 'Satera-MF4380dn', 'Y'),
(6363, 32, 104, 'Satera-MF6570', 'Y'),
(6364, 32, 104, 'SmartBase-PC-1210D', 'Y'),
(6365, 32, 104, 'SmartBase-PC-1230D', 'Y'),
(6366, 32, 104, 'SmartBase-PC-1270D', 'Y'),
(6367, 33, 105, 'A1000', 'Y'),
(6368, 33, 105, 'A900', 'Y'),
(6369, 33, 105, 'IJ300', 'Y'),
(6370, 33, 105, 'IJ600', 'Y'),
(6371, 33, 105, 'IJ650', 'Y'),
(6372, 33, 105, 'IJ700', 'Y'),
(6373, 33, 105, 'IJ750', 'Y'),
(6374, 33, 105, 'IJ900', 'Y'),
(6375, 34, 106, 'C2325', 'Y'),
(6376, 34, 106, 'CC-50', 'Y'),
(6377, 34, 106, 'CS1205', 'Y'),
(6378, 34, 106, 'CS1415', 'Y'),
(6379, 34, 106, 'CS1435', 'Y'),
(6380, 34, 106, 'CS1605', 'Y'),
(6381, 34, 106, 'CS1656', 'Y'),
(6382, 34, 106, 'CS1685', 'Y'),
(6383, 34, 106, 'CS1855', 'Y'),
(6384, 34, 106, 'CS2013', 'Y'),
(6385, 34, 106, 'CS2014', 'Y'),
(6386, 34, 106, 'CS2017', 'Y'),
(6387, 34, 106, 'CS2018', 'Y'),
(6388, 34, 106, 'CS2021', 'Y'),
(6389, 34, 106, 'CS2054', 'Y'),
(6390, 34, 106, 'CS2085', 'Y'),
(6391, 34, 106, 'CS2114', 'Y'),
(6392, 34, 106, 'CS2115', 'Y'),
(6393, 34, 106, 'CS2116', 'Y'),
(6394, 34, 106, 'CS2118', 'Y'),
(6395, 34, 106, 'CS2121', 'Y'),
(6396, 34, 106, 'CS2218', 'Y'),
(6397, 34, 106, 'CS2221', 'Y'),
(6398, 34, 106, 'CS2225', 'Y'),
(6399, 34, 106, 'RC1500D', 'Y'),
(6400, 34, 106, 'RC1500DF', 'Y'),
(6401, 34, 106, 'RC1800D', 'Y'),
(6402, 34, 106, 'RC1800DF', 'Y'),
(6403, 34, 106, 'RC2000D', 'Y'),
(6404, 34, 106, 'RC2030', 'Y'),
(6405, 34, 106, 'RC2130', 'Y'),
(6406, 34, 106, 'RC2140', 'Y'),
(6407, 34, 106, 'RC2310', 'Y'),
(6408, 34, 106, 'RC2340', 'Y'),
(6409, 34, 106, 'RC2440', 'Y'),
(6410, 34, 106, 'RC3010', 'Y'),
(6411, 34, 107, 'CS1500', 'Y'),
(6412, 34, 107, 'CS1505', 'Y'),
(6413, 34, 107, 'CS1510', 'Y'),
(6414, 34, 107, 'CS1530', 'Y'),
(6415, 34, 107, 'CS1620', 'Y'),
(6416, 34, 107, 'CS1635', 'Y'),
(6417, 34, 107, 'CS1650', 'Y'),
(6418, 34, 107, 'CS180', 'Y'),
(6419, 34, 107, 'CS181', 'Y'),
(6420, 34, 107, 'CS1810', 'Y'),
(6421, 34, 107, 'CS1815', 'Y'),
(6422, 34, 107, 'CS1820', 'Y'),
(6423, 34, 107, 'CS2020', 'Y'),
(6424, 34, 107, 'CS2030', 'Y'),
(6425, 34, 107, 'CS2050', 'Y'),
(6426, 34, 107, 'CS220', 'Y'),
(6427, 34, 107, 'CS221', 'Y'),
(6428, 34, 107, 'CS2540', 'Y'),
(6429, 34, 107, 'CS2550', 'Y'),
(6430, 34, 107, 'CS2560', 'Y'),
(6431, 34, 107, 'CS3035', 'Y'),
(6432, 34, 107, 'CS3040', 'Y'),
(6433, 34, 107, 'CS3050', 'Y'),
(6434, 34, 107, 'CS3060', 'Y'),
(6435, 34, 107, 'CS4035', 'Y'),
(6436, 34, 107, 'CS4050', 'Y'),
(6437, 34, 107, 'CS5035', 'Y'),
(6438, 34, 107, 'CS5050', 'Y'),
(6439, 34, 107, 'CS6030', 'Y'),
(6440, 34, 107, 'CS7530', 'Y'),
(6441, 34, 107, 'CSC2520', 'Y'),
(6442, 34, 107, 'CSC3225', 'Y'),
(6443, 34, 107, 'CSC3232', 'Y'),
(6444, 34, 107, 'CSC4008', 'Y'),
(6445, 34, 107, 'CSC850D', 'Y'),
(6446, 34, 107, 'RC4000D', 'Y'),
(6447, 34, 107, 'RC5000D', 'Y'),
(6448, 34, 107, 'RI2530', 'Y'),
(6449, 34, 107, 'RI3530', 'Y'),
(6450, 34, 107, 'RI4030', 'Y'),
(6451, 34, 107, 'RI4230', 'Y'),
(6452, 34, 107, 'RI4530', 'Y'),
(6453, 34, 107, 'RI5230', 'Y'),
(6454, 34, 107, 'RI5530', 'Y'),
(6455, 34, 107, 'RI6330', 'Y'),
(6456, 34, 108, 'CS8010', 'Y'),
(6457, 34, 108, 'CS8020', 'Y'),
(6458, 34, 108, 'FAX20', 'Y'),
(6459, 35, 109, '1100', 'Y'),
(6460, 35, 109, '1320', 'Y'),
(6461, 35, 109, '1700', 'Y'),
(6462, 35, 109, '1720', 'Y'),
(6463, 35, 109, '1815', 'Y'),
(6464, 35, 109, '1600n', 'Y'),
(6465, 35, 109, '1710-Series', 'Y'),
(6466, 35, 109, '1815dn', 'Y'),
(6467, 35, 109, '2130cn', 'Y'),
(6468, 35, 109, '2330-Series', 'Y'),
(6469, 35, 109, '2335dn', 'Y'),
(6470, 35, 109, '2350-Series', 'Y'),
(6471, 35, 109, '3115cn', 'Y'),
(6472, 35, 109, 'M5200', 'Y'),
(6473, 35, 110, '725', 'Y'),
(6474, 35, 110, '810', 'Y'),
(6475, 35, 110, '922', 'Y'),
(6476, 35, 110, '924', 'Y'),
(6477, 35, 110, '942', 'Y'),
(6478, 35, 110, '944', 'Y'),
(6479, 35, 110, '946', 'Y'),
(6480, 35, 110, '962', 'Y'),
(6481, 35, 110, '964', 'Y'),
(6482, 35, 110, '966', 'Y'),
(6483, 35, 110, '968', 'Y'),
(6484, 35, 110, '1125', 'Y'),
(6485, 35, 110, '1600', 'Y'),
(6486, 35, 110, '1600N', 'Y'),
(6487, 35, 110, '1815DN', 'Y'),
(6488, 35, 110, '2145CN', 'Y'),
(6489, 35, 110, '2335DN', 'Y'),
(6490, 35, 110, '2355DN', 'Y'),
(6491, 35, 110, '3115CN', 'Y'),
(6492, 35, 110, '3333DN', 'Y'),
(6493, 35, 110, '3335DN', 'Y'),
(6494, 35, 110, '968W', 'Y'),
(6495, 35, 110, 'A720', 'Y'),
(6496, 35, 110, 'A920', 'Y'),
(6497, 35, 110, 'A926', 'Y'),
(6498, 35, 110, 'A940', 'Y'),
(6499, 35, 110, 'A960', 'Y'),
(6500, 35, 110, 'P703W', 'Y'),
(6501, 35, 110, 'V305', 'Y'),
(6502, 35, 110, 'V305W', 'Y'),
(6503, 35, 111, '1130', 'Y'),
(6504, 35, 111, '1133', 'Y'),
(6505, 35, 111, '1700', 'Y'),
(6506, 35, 111, '1710', 'Y'),
(6507, 35, 111, '1720', 'Y'),
(6508, 35, 111, '1130N', 'Y'),
(6509, 35, 111, '1135N', 'Y'),
(6510, 35, 111, '1230CN', 'Y'),
(6511, 35, 111, '1235CN', 'Y'),
(6512, 35, 111, '1250C', 'Y'),
(6513, 35, 111, '1320C', 'Y'),
(6514, 35, 111, '1320CN', 'Y'),
(6515, 35, 111, '1350CNW', 'Y'),
(6516, 35, 111, '1355CN', 'Y'),
(6517, 35, 111, '1355CNW', 'Y'),
(6518, 35, 111, '1700N', 'Y'),
(6519, 35, 111, '1710N', 'Y'),
(6520, 35, 111, '1720DN', 'Y'),
(6521, 35, 111, '2130CN', 'Y'),
(6522, 35, 111, '2135CN', 'Y'),
(6523, 35, 111, '2150CDN', 'Y'),
(6524, 35, 111, '2155CDN', 'Y'),
(6525, 35, 111, '2230D', 'Y'),
(6526, 35, 111, '2330D', 'Y'),
(6527, 35, 111, '2330DN', 'Y'),
(6528, 35, 111, '3000CN', 'Y'),
(6529, 35, 111, '3010CN', 'Y'),
(6530, 35, 111, '3100CN', 'Y'),
(6531, 35, 111, '3110CN', 'Y'),
(6532, 35, 111, '3115CN', 'Y'),
(6533, 35, 111, '3130CN', 'Y'),
(6534, 35, 111, '3130CND', 'Y'),
(6535, 35, 111, '5100CN', 'Y'),
(6536, 35, 111, '5110CN', 'Y'),
(6537, 35, 111, '5130CDN', 'Y'),
(6538, 35, 111, '5210N', 'Y'),
(6539, 35, 111, '5230DN', 'Y'),
(6540, 35, 111, '5230N', 'Y'),
(6541, 35, 111, '5310N', 'Y'),
(6542, 35, 111, '5330DN', 'Y'),
(6543, 35, 111, '5350DN', 'Y'),
(6544, 35, 111, 'M5200', 'Y'),
(6545, 35, 111, 'M5200N', 'Y'),
(6546, 35, 111, 'P1500', 'Y'),
(6547, 35, 111, 'P1500N', 'Y'),
(6548, 35, 111, 'S2500', 'Y'),
(6549, 35, 111, 'S2500N', 'Y'),
(6550, 35, 111, 'W5300', 'Y'),
(6551, 35, 111, 'W5300N', 'Y'),
(6552, 36, 112, '17+', 'Y'),
(6553, 36, 112, '17+PS', 'Y'),
(6554, 36, 112, 'LN17', 'Y'),
(6555, 36, 112, 'LN17-PS', 'Y'),
(6556, 36, 112, 'LN21', 'Y'),
(6557, 36, 112, 'LN32', 'Y'),
(6558, 36, 112, 'LNM40', 'Y'),
(6559, 36, 112, 'UN17', 'Y'),
(6560, 37, 113, 'Artisan-50', 'Y'),
(6561, 37, 113, 'Artisan-700', 'Y'),
(6562, 37, 113, 'Artisan-710', 'Y'),
(6563, 37, 113, 'Artisan-725', 'Y'),
(6564, 37, 113, 'Artisan-730', 'Y'),
(6565, 37, 113, 'Artisan-800', 'Y'),
(6566, 37, 113, 'Artisan-810', 'Y'),
(6567, 37, 113, 'Artisan-835', 'Y'),
(6568, 37, 113, 'Artisan-837', 'Y'),
(6569, 37, 113, 'Stylus-C120', 'Y'),
(6570, 37, 113, 'Stylus-C64', 'Y'),
(6571, 37, 113, 'Stylus-C66', 'Y'),
(6572, 37, 113, 'Stylus-C68', 'Y'),
(6573, 37, 113, 'Stylus-C84', 'Y'),
(6574, 37, 113, 'Stylus-C84N', 'Y'),
(6575, 37, 113, 'Stylus-C84WN', 'Y'),
(6576, 37, 113, 'Stylus-C86', 'Y'),
(6577, 37, 113, 'Stylus-C88', 'Y'),
(6578, 37, 113, 'Stylus-C88+', 'Y'),
(6579, 37, 113, 'Stylus-CX3600', 'Y'),
(6580, 37, 113, 'Stylus-CX3650', 'Y'),
(6581, 37, 113, 'Stylus-CX3800', 'Y'),
(6582, 37, 113, 'Stylus-CX3810', 'Y'),
(6583, 37, 113, 'Stylus-CX4200', 'Y'),
(6584, 37, 113, 'Stylus-CX4400', 'Y'),
(6585, 37, 113, 'Stylus-CX4450', 'Y'),
(6586, 37, 113, 'Stylus-CX4600', 'Y'),
(6587, 37, 113, 'Stylus-CX4800', 'Y'),
(6588, 37, 113, 'Stylus-CX5000', 'Y'),
(6589, 37, 113, 'Stylus-CX5800F', 'Y'),
(6590, 37, 113, 'Stylus-CX6000', 'Y'),
(6591, 37, 113, 'Stylus-CX6400', 'Y'),
(6592, 37, 113, 'Stylus-CX6600', 'Y'),
(6593, 37, 113, 'Stylus-CX7000-Fax', 'Y'),
(6594, 37, 113, 'Stylus-CX7000-Faxax', 'Y'),
(6595, 37, 113, 'Stylus-CX7400', 'Y'),
(6596, 37, 113, 'Stylus-CX7450', 'Y'),
(6597, 37, 113, 'Stylus-CX7800', 'Y'),
(6598, 37, 113, 'Stylus-CX8400', 'Y'),
(6599, 37, 113, 'Stylus-CX9400-Fax', 'Y'),
(6600, 37, 113, 'Stylus-CX9475-Fax', 'Y'),
(6601, 37, 113, 'Stylus-D68P', 'Y'),
(6602, 37, 113, 'Stylus-D88', 'Y'),
(6603, 37, 113, 'Stylus-D88+', 'Y'),
(6604, 37, 113, 'Stylus-DX3800', 'Y'),
(6605, 37, 113, 'Stylus-DX4800', 'Y'),
(6606, 37, 113, 'Stylus-N11', 'Y'),
(6607, 37, 113, 'Stylus-NX100', 'Y'),
(6608, 37, 113, 'Stylus-NX105', 'Y'),
(6609, 37, 113, 'Stylus-NX110', 'Y'),
(6610, 37, 113, 'Stylus-NX115', 'Y'),
(6611, 37, 113, 'Stylus-NX125', 'Y'),
(6612, 37, 113, 'Stylus-NX127', 'Y'),
(6613, 37, 113, 'Stylus-NX200', 'Y'),
(6614, 37, 113, 'Stylus-NX215', 'Y'),
(6615, 37, 113, 'Stylus-NX300', 'Y'),
(6616, 37, 113, 'Stylus-NX305', 'Y'),
(6617, 37, 113, 'Stylus-NX400', 'Y'),
(6618, 37, 113, 'Stylus-NX410', 'Y'),
(6619, 37, 113, 'Stylus-NX415', 'Y'),
(6620, 37, 113, 'Stylus-NX420', 'Y'),
(6621, 37, 113, 'Stylus-NX430', 'Y'),
(6622, 37, 113, 'Stylus-NX510', 'Y'),
(6623, 37, 113, 'Stylus-NX515', 'Y'),
(6624, 37, 113, 'Stylus-NX625', 'Y'),
(6625, 37, 113, 'Stylus-Photo-1400', 'Y'),
(6626, 37, 113, 'Stylus-Photo-PX710W', 'Y'),
(6627, 37, 113, 'Stylus-Photo-PX800FW', 'Y'),
(6628, 37, 113, 'Stylus-Photo-PX810FW', 'Y'),
(6629, 37, 113, 'Stylus-Photo-R200', 'Y'),
(6630, 37, 113, 'Stylus-Photo-R220', 'Y'),
(6631, 37, 113, 'Stylus-Photo-R260', 'Y'),
(6632, 37, 113, 'Stylus-Photo-R280', 'Y'),
(6633, 37, 113, 'Stylus-Photo-R300', 'Y'),
(6634, 37, 113, 'Stylus-Photo-R300M', 'Y'),
(6635, 37, 113, 'Stylus-Photo-R320', 'Y'),
(6636, 37, 113, 'Stylus-Photo-R340', 'Y'),
(6637, 37, 113, 'Stylus-Photo-R380', 'Y'),
(6638, 37, 113, 'Stylus-Photo-RX500', 'Y'),
(6639, 37, 113, 'Stylus-Photo-RX580', 'Y'),
(6640, 37, 113, 'Stylus-Photo-RX595', 'Y'),
(6641, 37, 113, 'Stylus-Photo-RX600', 'Y'),
(6642, 37, 113, 'Stylus-Photo-RX620', 'Y'),
(6643, 37, 113, 'Stylus-Photo-RX640', 'Y'),
(6644, 37, 113, 'Stylus-Photo-RX680', 'Y'),
(6645, 37, 113, 'WorkForce-1100-Wideformat', 'Y'),
(6646, 37, 113, 'WorkForce-30', 'Y'),
(6647, 37, 113, 'WorkForce-310', 'Y'),
(6648, 37, 113, 'WorkForce-315', 'Y'),
(6649, 37, 113, 'WorkForce-320', 'Y'),
(6650, 37, 113, 'WorkForce-323', 'Y'),
(6651, 37, 113, 'WorkForce-325', 'Y'),
(6652, 37, 113, 'WorkForce-40', 'Y'),
(6653, 37, 113, 'WorkForce-435', 'Y'),
(6654, 37, 113, 'WorkForce-500', 'Y'),
(6655, 37, 113, 'WorkForce-520', 'Y'),
(6656, 37, 113, 'WorkForce-545', 'Y'),
(6657, 37, 113, 'WorkForce-60', 'Y'),
(6658, 37, 113, 'WorkForce-600', 'Y'),
(6659, 37, 113, 'WorkForce-610', 'Y'),
(6660, 37, 113, 'WorkForce-615', 'Y'),
(6661, 37, 113, 'WorkForce-630', 'Y'),
(6662, 37, 113, 'WorkForce-633', 'Y'),
(6663, 37, 113, 'WorkForce-635', 'Y'),
(6664, 37, 113, 'WorkForce-645', 'Y'),
(6665, 37, 113, 'WorkForce-840', 'Y'),
(6666, 37, 113, 'WorkForce-845', 'Y'),
(6667, 38, 114, 'CL160', 'Y'),
(6668, 38, 114, 'CL161', 'Y'),
(6669, 38, 114, 'CL162', 'Y'),
(6670, 38, 114, 'CL163', 'Y'),
(6671, 38, 114, 'LN45', 'Y'),
(6672, 38, 114, 'MICROLASER-210', 'Y'),
(6673, 38, 114, 'MICROLASER-260', 'Y'),
(6674, 38, 114, 'MICROLASER-280', 'Y'),
(6675, 38, 114, 'MICROLASER-320', 'Y'),
(6676, 38, 114, 'MICROLASER-320N', 'Y'),
(6677, 38, 114, 'MICROLASER-450', 'Y'),
(6678, 38, 114, 'MICROLASER-450N', 'Y'),
(6679, 38, 114, 'MICROLASER-7910', 'Y'),
(6680, 38, 114, 'MICROLASER-7911', 'Y'),
(6681, 38, 114, 'MICROLASER-7912', 'Y'),
(6682, 38, 114, 'MICROLASER-7913', 'Y'),
(6683, 38, 114, 'MICROLASER-7914', 'Y'),
(6684, 38, 114, 'MICROLASER-7916', 'Y'),
(6685, 38, 114, 'MICROLASER-7917', 'Y'),
(6686, 38, 114, 'MICROLASER-7918', 'Y'),
(6687, 38, 114, 'MICROLASER-7924', 'Y'),
(6688, 38, 114, 'MICROLASER-7925', 'Y'),
(6689, 38, 114, 'MICROLASER-7926', 'Y'),
(6690, 39, 115, '2201', 'Y'),
(6691, 39, 115, '2301', 'Y'),
(6692, 39, 115, '2316', 'Y'),
(6693, 39, 115, '2340', 'Y'),
(6694, 39, 115, '2440', 'Y'),
(6695, 39, 115, '2613', 'Y'),
(6696, 39, 115, '2651', 'Y'),
(6697, 39, 115, '2713', 'Y'),
(6698, 39, 115, '2760', 'Y'),
(6699, 39, 115, '3413', 'Y'),
(6700, 39, 115, '3713', 'Y'),
(6701, 39, 115, '4651', 'Y'),
(6702, 39, 115, '4760', 'Y'),
(6703, 39, 115, '4770', 'Y'),
(6704, 39, 115, '2203Z', 'Y'),
(6705, 39, 115, '2240Z', 'Y'),
(6706, 39, 115, '2240ZD', 'Y'),
(6707, 39, 115, '2302Z', 'Y'),
(6708, 39, 115, '2303Z', 'Y'),
(6709, 39, 115, '2316Z', 'Y'),
(6710, 39, 115, '2318Z', 'Y'),
(6711, 39, 115, '2335Z', 'Y'),
(6712, 39, 115, '2335ZD', 'Y'),
(6713, 39, 115, '2345Z', 'Y'),
(6714, 39, 115, '2345ZD', 'Y'),
(6715, 39, 115, '2440D', 'Y'),
(6716, 39, 115, '2485ZDF', 'Y'),
(6717, 39, 115, '2613Z', 'Y'),
(6718, 39, 115, '2627TD', 'Y'),
(6719, 39, 115, '2635TD', 'Y'),
(6720, 39, 115, '2713Z', 'Y'),
(6721, 39, 115, '2715Z', 'Y'),
(6722, 39, 115, '2718Z', 'Y'),
(6723, 39, 115, '2722Z', 'Y'),
(6724, 39, 115, '2722ZTD', 'Y'),
(6725, 39, 115, '2732Z', 'Y'),
(6726, 39, 115, '2732ZTD', 'Y'),
(6727, 39, 115, '2740Z', 'Y'),
(6728, 39, 115, '2740ZTD', 'Y'),
(6729, 39, 115, '2822TD', 'Y'),
(6730, 39, 115, '2913Z', 'Y'),
(6731, 39, 115, '3413S', 'Y'),
(6732, 39, 115, '3522TD', 'Y'),
(6733, 39, 115, '3527TD', 'Y'),
(6734, 39, 115, '3535TD', 'Y'),
(6735, 39, 115, '3713S', 'Y'),
(6736, 39, 116, '1302', 'Y'),
(6737, 39, 116, '1502', 'Y'),
(6738, 39, 116, '1802', 'Y'),
(6739, 39, 116, '2212', 'Y'),
(6740, 39, 116, '2712', 'Y'),
(6741, 39, 116, '3212', 'Y'),
(6742, 39, 116, '3220', 'Y'),
(6743, 39, 116, '3222', 'Y'),
(6744, 39, 116, '3225', 'Y'),
(6745, 39, 116, '3227', 'Y'),
(6746, 39, 116, '3235', 'Y'),
(6747, 39, 116, '3240', 'Y'),
(6748, 39, 116, '3245', 'Y'),
(6749, 39, 116, '3255', 'Y'),
(6750, 39, 116, '3265', 'Y'),
(6751, 39, 116, '3285', 'Y'),
(6752, 39, 116, '3355', 'Y'),
(6753, 39, 116, '3370', 'Y'),
(6754, 39, 116, '3502', 'Y'),
(6755, 39, 116, '3532', 'Y'),
(6756, 39, 116, '4235', 'Y'),
(6757, 39, 116, '4245', 'Y'),
(6758, 39, 116, '4502', 'Y'),
(6759, 39, 116, '4532', 'Y'),
(6760, 39, 116, '5502', 'Y'),
(6761, 39, 116, '6002', 'Y'),
(6762, 39, 116, '7502', 'Y'),
(6763, 39, 116, '32105', 'Y'),
(6764, 39, 116, '1302F', 'Y'),
(6765, 39, 116, '1802D', 'Y'),
(6766, 39, 116, '2145DPE', 'Y'),
(6767, 39, 116, '2315DPE', 'Y'),
(6768, 39, 116, '2640E', 'Y'),
(6769, 39, 116, '2850E', 'Y'),
(6770, 39, 116, '3235E', 'Y'),
(6771, 39, 116, '3235S', 'Y'),
(6772, 39, 116, '3502P', 'Y'),
(6773, 39, 116, '3545E', 'Y'),
(6774, 39, 116, '4502P', 'Y'),
(6775, 39, 116, '4532SP', 'Y'),
(6776, 39, 116, 'CS331', 'Y'),
(6777, 39, 116, 'DSC332', 'Y'),
(6778, 39, 116, 'DSC338', 'Y'),
(6779, 39, 116, 'DSC424', 'Y'),
(6780, 39, 116, 'DSM516PF', 'Y'),
(6781, 39, 116, 'DSM615', 'Y'),
(6782, 39, 116, 'DSM616', 'Y'),
(6783, 39, 116, 'DSM618', 'Y'),
(6784, 39, 116, 'DSM618D', 'Y'),
(6785, 39, 116, 'DSM620', 'Y'),
(6786, 39, 116, 'DSM622', 'Y'),
(6787, 39, 116, 'DSM625', 'Y'),
(6788, 39, 116, 'DSM627', 'Y'),
(6789, 39, 116, 'DSM632', 'Y'),
(6790, 39, 116, 'DSM635', 'Y'),
(6791, 39, 116, 'DSM645', 'Y'),
(6792, 39, 116, 'DSM651', 'Y'),
(6793, 39, 116, 'DSM651SP', 'Y'),
(6794, 39, 116, 'DSM660', 'Y'),
(6795, 39, 116, 'DSM660SP', 'Y'),
(6796, 39, 116, 'DSM675', 'Y'),
(6797, 39, 116, 'DSM675SP', 'Y'),
(6798, 39, 116, 'DSM725', 'Y'),
(6799, 39, 116, 'DSM730', 'Y'),
(6800, 39, 116, 'DSM735', 'Y'),
(6801, 39, 116, 'DSM745', 'Y'),
(6802, 39, 116, 'DSM755', 'Y'),
(6803, 39, 116, 'DSM755SP', 'Y'),
(6804, 39, 116, 'DSM765', 'Y'),
(6805, 39, 116, 'DSM765SP', 'Y'),
(6806, 39, 116, 'DSM775', 'Y'),
(6807, 39, 116, 'DSM775SP', 'Y'),
(6808, 39, 116, 'GSA2335', 'Y'),
(6809, 39, 116, 'GSA2345', 'Y'),
(6810, 39, 116, 'P7045', 'Y'),
(6811, 39, 117, '5110', 'Y'),
(6812, 39, 117, '5170', 'Y'),
(6813, 39, 117, '5210', 'Y'),
(6814, 39, 117, '5230', 'Y'),
(6815, 39, 117, '5270', 'Y'),
(6816, 39, 117, '5303', 'Y'),
(6817, 39, 117, '5304', 'Y'),
(6818, 39, 117, '5305', 'Y'),
(6819, 39, 117, '5315', 'Y'),
(6820, 39, 117, '5320', 'Y'),
(6821, 39, 117, '5325', 'Y'),
(6822, 39, 117, '5327', 'Y'),
(6823, 39, 117, '5330', 'Y'),
(6824, 39, 117, '5340', 'Y'),
(6825, 39, 117, '5360', 'Y'),
(6826, 39, 117, '5375', 'Y'),
(6827, 39, 117, '5380', 'Y'),
(6828, 39, 117, '5385', 'Y'),
(6829, 39, 117, '5390', 'Y'),
(6830, 39, 117, '5430', 'Y'),
(6831, 39, 117, '5306L', 'Y'),
(6832, 39, 117, '5308L', 'Y'),
(6833, 39, 117, '5309L', 'Y'),
(6834, 39, 117, '5329L', 'Y'),
(6835, 39, 117, '6143L', 'Y'),
(6836, 39, 118, '4210', 'Y'),
(6837, 39, 118, '9763', 'Y'),
(6838, 39, 118, '9766', 'Y'),
(6839, 39, 118, '9767', 'Y'),
(6840, 39, 118, '9768', 'Y'),
(6841, 39, 118, '9870', 'Y'),
(6842, 39, 118, '9873', 'Y'),
(6843, 39, 118, '9920', 'Y'),
(6844, 39, 118, '9940', 'Y'),
(6845, 39, 118, '9980', 'Y'),
(6846, 39, 118, '9940NF', 'Y'),
(6847, 39, 119, 'DSC38', 'Y'),
(6848, 39, 119, 'P7031', 'Y'),
(6849, 39, 119, 'P7145', 'Y'),
(6850, 39, 119, 'P7575', 'Y'),
(6851, 39, 119, 'P7675', 'Y'),
(6852, 40, 120, '2000cn', 'Y'),
(6853, 40, 120, '2000cse', 'Y'),
(6854, 40, 120, '2000cxi', 'Y'),
(6855, 40, 120, '2500C', 'Y'),
(6856, 40, 120, '2500C+', 'Y'),
(6857, 40, 120, '2500CM', 'Y'),
(6858, 40, 120, 'Business-Inkjet-1000', 'Y'),
(6859, 40, 120, 'Color-Copier-110', 'Y'),
(6860, 40, 120, 'Color-Copier-120', 'Y'),
(6861, 40, 120, 'Color-Copier-140', 'Y'),
(6862, 40, 120, 'Color-Copier-145', 'Y'),
(6863, 40, 120, 'Color-Copier-150', 'Y'),
(6864, 40, 120, 'Color-Copier-155', 'Y'),
(6865, 40, 120, 'Color-Copier-160', 'Y'),
(6866, 40, 120, 'Color-Copier-170', 'Y'),
(6867, 40, 120, 'Color-Copier-180', 'Y'),
(6868, 40, 120, 'Color-Copier-180-Digital-Copier', 'Y'),
(6869, 40, 120, 'Color-Copier-190', 'Y'),
(6870, 40, 120, 'Color-Copier-190-Digital-Copier', 'Y'),
(6871, 40, 120, 'Color-Copier-210', 'Y'),
(6872, 40, 120, 'Color-Copier-210LX', 'Y'),
(6873, 40, 120, 'Color-Copier-260', 'Y'),
(6874, 40, 120, 'Color-Copier-270', 'Y'),
(6875, 40, 120, 'Color-Copier-280', 'Y'),
(6876, 40, 120, 'Color-Copier-280-Digital-Copier', 'Y'),
(6877, 40, 120, 'Color-Copier-290', 'Y'),
(6878, 40, 120, 'CP-1160', 'Y'),
(6879, 40, 120, 'CP-1160tn', 'Y'),
(6880, 40, 120, 'DesignJet-500', 'Y'),
(6881, 40, 120, 'DesignJet-500PS', 'Y'),
(6882, 40, 120, 'DesignJet-510-24-In-Wide-Format', 'Y'),
(6883, 40, 120, 'DesignJet-510-42-In-Wide-Format', 'Y'),
(6884, 40, 120, 'DesignJet-750C-Color-Plotter', 'Y'),
(6885, 40, 120, 'DesignJet-750C-Plus', 'Y'),
(6886, 40, 120, 'DesignJet-755CM', 'Y'),
(6887, 40, 120, 'DesignJet-800', 'Y'),
(6888, 40, 120, 'DesignJet-800-PS', 'Y'),
(6889, 40, 120, 'DesignJet-815-MFP-42-IN', 'Y'),
(6890, 40, 120, 'DesignJet-820-MFP-Wide-Format', 'Y'),
(6891, 40, 120, 'DesignJet-Copier-cc800-ps', 'Y'),
(6892, 40, 120, 'DeskJet-1000Cse', 'Y'),
(6893, 40, 120, 'DeskJet-1000Cxi', 'Y'),
(6894, 40, 120, 'DeskJet-1000-J110a', 'Y'),
(6895, 40, 120, 'DeskJet-1000-J110c', 'Y'),
(6896, 40, 120, 'DeskJet-1000-J110d', 'Y'),
(6897, 40, 120, 'DeskJet-1000-J110e', 'Y'),
(6898, 40, 120, 'DeskJet-1000-J110f', 'Y'),
(6899, 40, 120, 'DeskJet-1050-J410a', 'Y'),
(6900, 40, 120, 'DeskJet-1050-J410c', 'Y'),
(6901, 40, 120, 'DeskJet-1050-J410d', 'Y'),
(6902, 40, 120, 'DeskJet-1050-J410e', 'Y'),
(6903, 40, 120, 'DeskJet-1055-J410e', 'Y'),
(6904, 40, 120, 'DeskJet-1100C', 'Y'),
(6905, 40, 120, 'DeskJet-1120Cse', 'Y'),
(6906, 40, 120, 'DeskJet-1120Cxi', 'Y'),
(6907, 40, 120, 'DeskJet-1125C', 'Y'),
(6908, 40, 120, 'DeskJet-1125-C', 'Y'),
(6909, 40, 120, 'DeskJet-1180C', 'Y'),
(6910, 40, 120, 'DeskJet-1220C', 'Y'),
(6911, 40, 120, 'DeskJet-1220C-PS', 'Y'),
(6912, 40, 120, 'DeskJet-1220Cse', 'Y'),
(6913, 40, 120, 'DeskJet-1220Cxi', 'Y'),
(6914, 40, 120, 'DeskJet-1600C', 'Y'),
(6915, 40, 120, 'DeskJet-1600C-C3540A', 'Y'),
(6916, 40, 120, 'DeskJet-1600CM', 'Y'),
(6917, 40, 120, 'DeskJet-1600CN', 'Y'),
(6918, 40, 120, 'DeskJet-2000-J210a', 'Y'),
(6919, 40, 120, 'DeskJet-2000-J210b', 'Y'),
(6920, 40, 120, 'DeskJet-2000-J210c', 'Y'),
(6921, 40, 120, 'DeskJet-2000-J210d', 'Y'),
(6922, 40, 120, 'DeskJet-2050-J510a', 'Y'),
(6923, 40, 120, 'DeskJet-2050-J510c', 'Y'),
(6924, 40, 120, 'DeskJet-2050-J510d', 'Y'),
(6925, 40, 120, 'DeskJet-2050-J510e', 'Y'),
(6926, 40, 120, 'DeskJet-3000-J310a', 'Y'),
(6927, 40, 120, 'DeskJet-3000-J310c', 'Y'),
(6928, 40, 120, 'DeskJet-3050', 'Y'),
(6929, 40, 120, 'DeskJet-3054-J610a', 'Y'),
(6930, 40, 120, 'DeskJet-3320', 'Y'),
(6931, 40, 120, 'DeskJet-3322', 'Y'),
(6932, 40, 120, 'DeskJet-3420', 'Y'),
(6933, 40, 120, 'DeskJet-3425', 'Y'),
(6934, 40, 120, 'DeskJet-3450', 'Y'),
(6935, 40, 120, 'DeskJet-3520', 'Y'),
(6936, 40, 120, 'DeskJet-3535', 'Y'),
(6937, 40, 120, 'DeskJet-3550', 'Y'),
(6938, 40, 120, 'DeskJet-3620', 'Y'),
(6939, 40, 120, 'DeskJet-3650', 'Y'),
(6940, 40, 120, 'DeskJet-3653', 'Y'),
(6941, 40, 120, 'DeskJet-3740', 'Y'),
(6942, 40, 120, 'DeskJet-3740v', 'Y'),
(6943, 40, 120, 'DeskJet-3745', 'Y'),
(6944, 40, 120, 'DeskJet-3745v', 'Y'),
(6945, 40, 120, 'DeskJet-3820', 'Y'),
(6946, 40, 120, 'DeskJet-3843', 'Y'),
(6947, 40, 120, 'DeskJet-3845', 'Y'),
(6948, 40, 120, 'DeskJet-3845xi', 'Y'),
(6949, 40, 120, 'DeskJet-3910', 'Y'),
(6950, 40, 120, 'DeskJet-3915', 'Y'),
(6951, 40, 120, 'DeskJet-3918', 'Y'),
(6952, 40, 120, 'DeskJet-3920', 'Y'),
(6953, 40, 120, 'DeskJet-3930', 'Y'),
(6954, 40, 120, 'DeskJet-3930v', 'Y'),
(6955, 40, 120, 'DeskJet-3938', 'Y'),
(6956, 40, 120, 'DeskJet-3940', 'Y'),
(6957, 40, 120, 'DeskJet-3940v', 'Y'),
(6958, 40, 120, 'DeskJet-450cbi', 'Y'),
(6959, 40, 120, 'DeskJet-450-cbi', 'Y'),
(6960, 40, 120, 'DeskJet-450ci', 'Y'),
(6961, 40, 120, 'DeskJet-450-ci', 'Y'),
(6962, 40, 120, 'DeskJet-450wbt', 'Y'),
(6963, 40, 120, 'DeskJet-450-wbt', 'Y'),
(6964, 40, 120, 'DeskJet-460c', 'Y'),
(6965, 40, 120, 'DeskJet-460cb', 'Y'),
(6966, 40, 120, 'DeskJet-460cb-Mobile', 'Y'),
(6967, 40, 120, 'DeskJet-460c-Mobile', 'Y'),
(6968, 40, 120, 'DeskJet-460wbt', 'Y'),
(6969, 40, 120, 'DeskJet-460wbt-Mobile', 'Y'),
(6970, 40, 120, 'DeskJet-460wf', 'Y'),
(6971, 40, 120, 'DeskJet-460wf-Mobile', 'Y'),
(6972, 40, 120, 'DeskJet-5150', 'Y'),
(6973, 40, 120, 'DeskJet-5420v', 'Y'),
(6974, 40, 120, 'DeskJet-5440', 'Y'),
(6975, 40, 120, 'DeskJet-5440v', 'Y'),
(6976, 40, 120, 'DeskJet-5440xi', 'Y'),
(6977, 40, 120, 'DeskJet-5442', 'Y'),
(6978, 40, 120, 'DeskJet-5443', 'Y'),
(6979, 40, 120, 'DeskJet-5550', 'Y'),
(6980, 40, 120, 'DeskJet-5551', 'Y'),
(6981, 40, 120, 'DeskJet-5650', 'Y'),
(6982, 40, 120, 'DeskJet-5740', 'Y'),
(6983, 40, 120, 'DeskJet-5740xi', 'Y'),
(6984, 40, 120, 'DeskJet-5743', 'Y'),
(6985, 40, 120, 'DeskJet-5745', 'Y'),
(6986, 40, 120, 'DeskJet-5748', 'Y'),
(6987, 40, 120, 'DeskJet-5850', 'Y'),
(6988, 40, 120, 'DeskJet-5940', 'Y'),
(6989, 40, 120, 'DeskJet-5940xi', 'Y'),
(6990, 40, 120, 'DeskJet-610-CL', 'Y'),
(6991, 40, 120, 'DeskJet-6122', 'Y'),
(6992, 40, 120, 'DeskJet-6127', 'Y'),
(6993, 40, 120, 'DeskJet-612-C', 'Y'),
(6994, 40, 120, 'DeskJet-630-C', 'Y'),
(6995, 40, 120, 'DeskJet-632-C', 'Y'),
(6996, 40, 120, 'DeskJet-640', 'Y'),
(6997, 40, 120, 'DeskJet-642-C', 'Y'),
(6998, 40, 120, 'DeskJet-648-C', 'Y'),
(6999, 40, 120, 'DeskJet-6520', 'Y'),
(7000, 40, 120, 'DeskJet-6520xi', 'Y'),
(7001, 40, 120, 'DeskJet-6540', 'Y'),
(7002, 40, 120, 'DeskJet-6540dt', 'Y'),
(7003, 40, 120, 'DeskJet-6540xi', 'Y'),
(7004, 40, 120, 'DeskJet-656-C', 'Y'),
(7005, 40, 120, 'DeskJet-6620', 'Y'),
(7006, 40, 120, 'DeskJet-6620xi', 'Y'),
(7007, 40, 120, 'DeskJet-6830v', 'Y'),
(7008, 40, 120, 'DeskJet-6840', 'Y'),
(7009, 40, 120, 'DeskJet-6840dt', 'Y'),
(7010, 40, 120, 'DeskJet-6840xi', 'Y'),
(7011, 40, 120, 'DeskJet-6940', 'Y'),
(7012, 40, 120, 'DeskJet-6940dt', 'Y'),
(7013, 40, 120, 'DeskJet-6980', 'Y'),
(7014, 40, 120, 'DeskJet-6980dt', 'Y'),
(7015, 40, 120, 'DeskJet-6988', 'Y'),
(7016, 40, 120, 'DeskJet-6988dt', 'Y'),
(7017, 40, 120, 'DeskJet-710C', 'Y'),
(7018, 40, 120, 'DeskJet-710-C', 'Y'),
(7019, 40, 120, 'DeskJet-712C', 'Y'),
(7020, 40, 120, 'DeskJet-712-C', 'Y'),
(7021, 40, 120, 'DeskJet-720C', 'Y'),
(7022, 40, 120, 'DeskJet-720-C', 'Y'),
(7023, 40, 120, 'DeskJet-722C', 'Y'),
(7024, 40, 120, 'DeskJet-722-C', 'Y'),
(7025, 40, 120, 'DeskJet-810C', 'Y'),
(7026, 40, 120, 'DeskJet-810-C', 'Y'),
(7027, 40, 120, 'DeskJet-812C', 'Y'),
(7028, 40, 120, 'DeskJet-812-C', 'Y'),
(7029, 40, 120, 'DeskJet-820Cse', 'Y'),
(7030, 40, 120, 'DeskJet-820Cxi', 'Y'),
(7031, 40, 120, 'DeskJet-825-C', 'Y'),
(7032, 40, 120, 'DeskJet-825cvr', 'Y'),
(7033, 40, 120, 'DeskJet-830C', 'Y'),
(7034, 40, 120, 'DeskJet-830-C', 'Y'),
(7035, 40, 120, 'DeskJet-832C', 'Y'),
(7036, 40, 120, 'DeskJet-832-C', 'Y'),
(7037, 40, 120, 'DeskJet-840-C', 'Y'),
(7038, 40, 120, 'DeskJet-841-C', 'Y'),
(7039, 40, 120, 'DeskJet-842-C', 'Y'),
(7040, 40, 120, 'DeskJet-843-C', 'Y'),
(7041, 40, 120, 'DeskJet-845-C', 'Y'),
(7042, 40, 120, 'DeskJet-845cvr', 'Y'),
(7043, 40, 120, 'DeskJet-850C', 'Y'),
(7044, 40, 120, 'DeskJet-855C', 'Y'),
(7045, 40, 120, 'DeskJet-855Cse', 'Y'),
(7046, 40, 120, 'DeskJet-855Cxi', 'Y'),
(7047, 40, 120, 'DeskJet-870Cse', 'Y'),
(7048, 40, 120, 'DeskJet-870Cxi', 'Y'),
(7049, 40, 120, 'DeskJet-880C', 'Y'),
(7050, 40, 120, 'DeskJet-880-C', 'Y'),
(7051, 40, 120, 'DeskJet-882C', 'Y'),
(7052, 40, 120, 'DeskJet-882-C', 'Y'),
(7053, 40, 120, 'DeskJet-890C', 'Y'),
(7054, 40, 120, 'DeskJet-890-C', 'Y'),
(7055, 40, 120, 'DeskJet-890CM', 'Y'),
(7056, 40, 120, 'DeskJet-890-CM', 'Y'),
(7057, 40, 120, 'DeskJet-890Cse', 'Y'),
(7058, 40, 120, 'DeskJet-890Cxi', 'Y'),
(7059, 40, 120, 'DeskJet-895Cse', 'Y'),
(7060, 40, 120, 'DeskJet-895Cxi', 'Y'),
(7061, 40, 120, 'DeskJet-920C', 'Y'),
(7062, 40, 120, 'DeskJet-920-C', 'Y'),
(7063, 40, 120, 'DeskJet-9300-Wide-Format', 'Y'),
(7064, 40, 120, 'DeskJet-930C', 'Y'),
(7065, 40, 120, 'DeskJet-932C', 'Y'),
(7066, 40, 120, 'DeskJet-935C', 'Y'),
(7067, 40, 120, 'DeskJet-940C', 'Y'),
(7068, 40, 120, 'DeskJet-940-C', 'Y'),
(7069, 40, 120, 'DeskJet-950C', 'Y'),
(7070, 40, 120, 'DeskJet-952C', 'Y'),
(7071, 40, 120, 'DeskJet-959C', 'Y'),
(7072, 40, 120, 'DeskJet-960C', 'Y'),
(7073, 40, 120, 'DeskJet-960Cse', 'Y'),
(7074, 40, 120, 'DeskJet-960Cxi', 'Y'),
(7075, 40, 120, 'DeskJet-9650-Wide-Format', 'Y'),
(7076, 40, 120, 'DeskJet-9670-Wide-Format', 'Y'),
(7077, 40, 120, 'DeskJet-9680-Wide-Format', 'Y'),
(7078, 40, 120, 'DeskJet-970Cse', 'Y'),
(7079, 40, 120, 'DeskJet-970Cxi', 'Y'),
(7080, 40, 120, 'DeskJet-9800', 'Y'),
(7081, 40, 120, 'DeskJet-9800d', 'Y'),
(7082, 40, 120, 'DeskJet-980Cxi', 'Y'),
(7083, 40, 120, 'DeskJet-990cm', 'Y'),
(7084, 40, 120, 'DeskJet-990Cse', 'Y'),
(7085, 40, 120, 'DeskJet-990Cxi', 'Y'),
(7086, 40, 120, 'DeskJet-995C', 'Y'),
(7087, 40, 120, 'DeskJet-C3541A', 'Y'),
(7088, 40, 120, 'DeskJet-D1330', 'Y'),
(7089, 40, 120, 'DeskJet-D1341', 'Y'),
(7090, 40, 120, 'DeskJet-D1360', 'Y'),
(7091, 40, 120, 'DeskJet-D1420', 'Y'),
(7092, 40, 120, 'DeskJet-D1430', 'Y'),
(7093, 40, 120, 'DeskJet-D1445', 'Y'),
(7094, 40, 120, 'DeskJet-D1455', 'Y'),
(7095, 40, 120, 'DeskJet-D1520', 'Y'),
(7096, 40, 120, 'DeskJet-D1530', 'Y'),
(7097, 40, 120, 'DeskJet-D1560', 'Y'),
(7098, 40, 120, 'DeskJet-D1568', 'Y'),
(7099, 40, 120, 'DeskJet-D1660', 'Y'),
(7100, 40, 120, 'DeskJet-D2320', 'Y'),
(7101, 40, 120, 'DeskJet-D2330', 'Y'),
(7102, 40, 120, 'DeskJet-D2345', 'Y'),
(7103, 40, 120, 'DeskJet-D2360', 'Y'),
(7104, 40, 120, 'DeskJet-D2368', 'Y'),
(7105, 40, 120, 'DeskJet-D2400', 'Y'),
(7106, 40, 120, 'DeskJet-D2400-Series', 'Y'),
(7107, 40, 120, 'DeskJet-D2430', 'Y'),
(7108, 40, 120, 'DeskJet-D2445', 'Y'),
(7109, 40, 120, 'DeskJet-D2460', 'Y'),
(7110, 40, 120, 'DeskJet-D2500-Series', 'Y'),
(7111, 40, 120, 'DeskJet-D2530', 'Y'),
(7112, 40, 120, 'DeskJet-D2545', 'Y'),
(7113, 40, 120, 'DeskJet-D2560', 'Y'),
(7114, 40, 120, 'DeskJet-D2660', 'Y'),
(7115, 40, 120, 'DeskJet-D2680', 'Y'),
(7116, 40, 120, 'DeskJet-D4145', 'Y'),
(7117, 40, 120, 'DeskJet-D4155', 'Y'),
(7118, 40, 120, 'DeskJet-D4160', 'Y'),
(7119, 40, 120, 'DeskJet-D4260', 'Y'),
(7120, 40, 120, 'DeskJet-D4280', 'Y'),
(7121, 40, 120, 'DeskJet-D4360', 'Y');
INSERT INTO `printer_models` (`model_id`, `man_id`, `type_id`, `model_text`, `avaiability`) VALUES
(7122, 40, 120, 'DeskJet-F2110', 'Y'),
(7123, 40, 120, 'DeskJet-F2120', 'Y'),
(7124, 40, 120, 'DeskJet-F2128', 'Y'),
(7125, 40, 120, 'DeskJet-F2140', 'Y'),
(7126, 40, 120, 'DeskJet-F2180', 'Y'),
(7127, 40, 120, 'DeskJet-F2185', 'Y'),
(7128, 40, 120, 'DeskJet-F2187', 'Y'),
(7129, 40, 120, 'DeskJet-F2188', 'Y'),
(7130, 40, 120, 'DeskJet-F2200', 'Y'),
(7131, 40, 120, 'DeskJet-F2210', 'Y'),
(7132, 40, 120, 'DeskJet-F2212', 'Y'),
(7133, 40, 120, 'DeskJet-F2214', 'Y'),
(7134, 40, 120, 'DeskJet-F2224', 'Y'),
(7135, 40, 120, 'DeskJet-F2240', 'Y'),
(7136, 40, 120, 'DeskJet-F2250', 'Y'),
(7137, 40, 120, 'DeskJet-F2275', 'Y'),
(7138, 40, 120, 'DeskJet-F2280', 'Y'),
(7139, 40, 120, 'DeskJet-F2290', 'Y'),
(7140, 40, 120, 'DeskJet-F2430', 'Y'),
(7141, 40, 120, 'DeskJet-F2480', 'Y'),
(7142, 40, 120, 'DeskJet-F335', 'Y'),
(7143, 40, 120, 'DeskJet-F340', 'Y'),
(7144, 40, 120, 'DeskJet-F350', 'Y'),
(7145, 40, 120, 'DeskJet-F380', 'Y'),
(7146, 40, 120, 'DeskJet-F4140', 'Y'),
(7147, 40, 120, 'DeskJet-F4150', 'Y'),
(7148, 40, 120, 'DeskJet-F4180', 'Y'),
(7149, 40, 120, 'DeskJet-F4180MFP', 'Y'),
(7150, 40, 120, 'DeskJet-F4180-MFP', 'Y'),
(7151, 40, 120, 'DeskJet-F4200-Series', 'Y'),
(7152, 40, 120, 'DeskJet-F4210', 'Y'),
(7153, 40, 120, 'DeskJet-F4230', 'Y'),
(7154, 40, 120, 'DeskJet-F4235', 'Y'),
(7155, 40, 120, 'DeskJet-F4240', 'Y'),
(7156, 40, 120, 'DeskJet-F4250', 'Y'),
(7157, 40, 120, 'DeskJet-F4272', 'Y'),
(7158, 40, 120, 'DeskJet-F4273', 'Y'),
(7159, 40, 120, 'DeskJet-F4274', 'Y'),
(7160, 40, 120, 'DeskJet-F4275', 'Y'),
(7161, 40, 120, 'DeskJet-F4280', 'Y'),
(7162, 40, 120, 'DeskJet-F4283', 'Y'),
(7163, 40, 120, 'DeskJet-F4288', 'Y'),
(7164, 40, 120, 'DeskJet-F4292', 'Y'),
(7165, 40, 120, 'DeskJet-F4293', 'Y'),
(7166, 40, 120, 'DeskJet-F4400-Series', 'Y'),
(7167, 40, 120, 'DeskJet-F4440', 'Y'),
(7168, 40, 120, 'DeskJet-F4480', 'Y'),
(7169, 40, 120, 'DeskJet-F4580', 'Y'),
(7170, 40, 120, 'Digital-Copier-310', 'Y'),
(7171, 40, 120, 'Digital-Copier-Printer-410', 'Y'),
(7172, 40, 120, 'Digital-Copier-Printer-610', 'Y'),
(7173, 40, 120, 'Envy-100e-AIO-D410b', 'Y'),
(7174, 40, 120, 'Envy-110e-AIO-D411a', 'Y'),
(7175, 40, 120, 'Envy-110e-AIO-D411b', 'Y'),
(7176, 40, 120, 'Envy-111e-AIO-D411d', 'Y'),
(7177, 40, 120, 'Envy-114e-AIO-D411c', 'Y'),
(7178, 40, 120, 'FAX-1010', 'Y'),
(7179, 40, 120, 'FAX-1020', 'Y'),
(7180, 40, 120, 'FAX-1040', 'Y'),
(7181, 40, 120, 'FAX-1040xi', 'Y'),
(7182, 40, 120, 'FAX-1050', 'Y'),
(7183, 40, 120, 'FAX-1220', 'Y'),
(7184, 40, 120, 'FAX-1230', 'Y'),
(7185, 40, 120, 'Fax-1240', 'Y'),
(7186, 40, 120, 'Fax-1250', 'Y'),
(7187, 40, 120, 'Fax-2140', 'Y'),
(7188, 40, 120, 'Fax-3180', 'Y'),
(7189, 40, 120, 'Fax-640', 'Y'),
(7190, 40, 120, 'OfficeJet-100', 'Y'),
(7191, 40, 120, 'OfficeJet-100-Mobile-L411a', 'Y'),
(7192, 40, 120, 'OfficeJet-100-Mobile-L411b', 'Y'),
(7193, 40, 120, 'OfficeJet-4110', 'Y'),
(7194, 40, 120, 'OfficeJet-4110-MFP', 'Y'),
(7195, 40, 120, 'OfficeJet-4110v', 'Y'),
(7196, 40, 120, 'OfficeJet-4110v-MFP', 'Y'),
(7197, 40, 120, 'OfficeJet-4110xi', 'Y'),
(7198, 40, 120, 'OfficeJet-4110xi-MFP', 'Y'),
(7199, 40, 120, 'OfficeJet-4215', 'Y'),
(7200, 40, 120, 'OfficeJet-4215v', 'Y'),
(7201, 40, 120, 'OfficeJet-4215xi', 'Y'),
(7202, 40, 120, 'OfficeJet-4310', 'Y'),
(7203, 40, 120, 'OfficeJet-4315', 'Y'),
(7204, 40, 120, 'OfficeJet-4315v', 'Y'),
(7205, 40, 120, 'OfficeJet-4315xi', 'Y'),
(7206, 40, 120, 'OfficeJet-4350', 'Y'),
(7207, 40, 120, 'OfficeJet-4500-G510g-Wireless', 'Y'),
(7208, 40, 120, 'OfficeJet-4500-G510nWireless', 'Y'),
(7209, 40, 120, 'OfficeJet-5110', 'Y'),
(7210, 40, 120, 'OfficeJet-5110xi', 'Y'),
(7211, 40, 120, 'OfficeJet-5500', 'Y'),
(7212, 40, 120, 'OfficeJet-5500-Series', 'Y'),
(7213, 40, 120, 'OfficeJet-5505', 'Y'),
(7214, 40, 120, 'OfficeJet-5510', 'Y'),
(7215, 40, 120, 'OfficeJet-5510v', 'Y'),
(7216, 40, 120, 'OfficeJet-5510xi', 'Y'),
(7217, 40, 120, 'OfficeJet-5515', 'Y'),
(7218, 40, 120, 'OfficeJet-5600', 'Y'),
(7219, 40, 120, 'OfficeJet-5600-Series', 'Y'),
(7220, 40, 120, 'OfficeJet-5605', 'Y'),
(7221, 40, 120, 'OfficeJet-5605z', 'Y'),
(7222, 40, 120, 'OfficeJet-5608', 'Y'),
(7223, 40, 120, 'OfficeJet-5610', 'Y'),
(7224, 40, 120, 'OfficeJet-5610v', 'Y'),
(7225, 40, 120, 'OfficeJet-5610xi', 'Y'),
(7226, 40, 120, 'OfficeJet-6000', 'Y'),
(7227, 40, 120, 'OfficeJet-6000-Wireless-E609n', 'Y'),
(7228, 40, 120, 'OfficeJet-6110', 'Y'),
(7229, 40, 120, 'OfficeJet-6110xi', 'Y'),
(7230, 40, 120, 'OfficeJet-6200', 'Y'),
(7231, 40, 120, 'OfficeJet-6210-AIO', 'Y'),
(7232, 40, 120, 'OfficeJet-6210v-AIO', 'Y'),
(7233, 40, 120, 'OfficeJet-6210xi-AIO', 'Y'),
(7234, 40, 120, 'OfficeJet-6310', 'Y'),
(7235, 40, 120, 'OfficeJet-6500Ae-AIO', 'Y'),
(7236, 40, 120, 'OfficeJet-6500-AIO', 'Y'),
(7237, 40, 120, 'OfficeJet-6500A-Plus-e-AIO', 'Y'),
(7238, 40, 120, 'OfficeJet-6500-Wireless', 'Y'),
(7239, 40, 120, 'OfficeJet-7000', 'Y'),
(7240, 40, 120, 'OfficeJet-7100MFP', 'Y'),
(7241, 40, 120, 'OfficeJet-7110MFP', 'Y'),
(7242, 40, 120, 'OfficeJet-7130MFP', 'Y'),
(7243, 40, 120, 'OfficeJet-7140xi-MFP', 'Y'),
(7244, 40, 120, 'OfficeJet-7210', 'Y'),
(7245, 40, 120, 'OfficeJet-7210v', 'Y'),
(7246, 40, 120, 'OfficeJet-7210xi', 'Y'),
(7247, 40, 120, 'OfficeJet-7310-AIO', 'Y'),
(7248, 40, 120, 'OfficeJet-7310xi-AIO', 'Y'),
(7249, 40, 120, 'OfficeJet-7408', 'Y'),
(7250, 40, 120, 'OfficeJet-7410', 'Y'),
(7251, 40, 120, 'OfficeJet-7410xi', 'Y'),
(7252, 40, 120, 'OfficeJet-7500A-E910', 'Y'),
(7253, 40, 120, 'OfficeJet-d125xi', 'Y'),
(7254, 40, 120, 'OfficeJet-d135', 'Y'),
(7255, 40, 120, 'OfficeJet-d145', 'Y'),
(7256, 40, 120, 'OfficeJet-d155xi', 'Y'),
(7257, 40, 120, 'OfficeJet-G55', 'Y'),
(7258, 40, 120, 'OfficeJet-G55xi', 'Y'),
(7259, 40, 120, 'OfficeJet-G85', 'Y'),
(7260, 40, 120, 'OfficeJet-G85xi', 'Y'),
(7261, 40, 120, 'OfficeJet-G95', 'Y'),
(7262, 40, 120, 'OfficeJet-G95-Color', 'Y'),
(7263, 40, 120, 'OfficeJet-H470', 'Y'),
(7264, 40, 120, 'OfficeJet-H470b', 'Y'),
(7265, 40, 120, 'OfficeJet-H470-Mobile', 'Y'),
(7266, 40, 120, 'OfficeJet-H470wbt', 'Y'),
(7267, 40, 120, 'OfficeJet-H470WF', 'Y'),
(7268, 40, 120, 'OfficeJet-J3600', 'Y'),
(7269, 40, 120, 'OfficeJet-J3625', 'Y'),
(7270, 40, 120, 'OfficeJet-J3635', 'Y'),
(7271, 40, 120, 'OfficeJet-J3640', 'Y'),
(7272, 40, 120, 'OfficeJet-J3650', 'Y'),
(7273, 40, 120, 'OfficeJet-J3680', 'Y'),
(7274, 40, 120, 'OfficeJet-J4500', 'Y'),
(7275, 40, 120, 'OfficeJet-J4540', 'Y'),
(7276, 40, 120, 'OfficeJet-J4550', 'Y'),
(7277, 40, 120, 'OfficeJet-J4580', 'Y'),
(7278, 40, 120, 'OfficeJet-J4640', 'Y'),
(7279, 40, 120, 'OfficeJet-J4680', 'Y'),
(7280, 40, 120, 'OfficeJet-J5700', 'Y'),
(7281, 40, 120, 'OfficeJet-J5725', 'Y'),
(7282, 40, 120, 'OfficeJet-J5730', 'Y'),
(7283, 40, 120, 'OfficeJet-J5735', 'Y'),
(7284, 40, 120, 'OfficeJet-J5738', 'Y'),
(7285, 40, 120, 'OfficeJet-J5740', 'Y'),
(7286, 40, 120, 'OfficeJet-J5750', 'Y'),
(7287, 40, 120, 'OfficeJet-J5780', 'Y'),
(7288, 40, 120, 'OfficeJet-J5783', 'Y'),
(7289, 40, 120, 'OfficeJet-J5785', 'Y'),
(7290, 40, 120, 'OfficeJet-J5788', 'Y'),
(7291, 40, 120, 'OfficeJet-J5790', 'Y'),
(7292, 40, 120, 'OfficeJet-J6400', 'Y'),
(7293, 40, 120, 'OfficeJet-J6410', 'Y'),
(7294, 40, 120, 'OfficeJet-J6413', 'Y'),
(7295, 40, 120, 'OfficeJet-J6415', 'Y'),
(7296, 40, 120, 'OfficeJet-J6450', 'Y'),
(7297, 40, 120, 'OfficeJet-J6480', 'Y'),
(7298, 40, 120, 'OfficeJet-K60', 'Y'),
(7299, 40, 120, 'OfficeJet-K60xi', 'Y'),
(7300, 40, 120, 'OfficeJet-K80', 'Y'),
(7301, 40, 120, 'OfficeJet-K80xi', 'Y'),
(7302, 40, 120, 'OfficeJet-Pro-1150C', 'Y'),
(7303, 40, 120, 'OfficeJet-Pro-1150Cse', 'Y'),
(7304, 40, 120, 'OfficeJet-Pro1170C', 'Y'),
(7305, 40, 120, 'OfficeJet-Pro-1170C', 'Y'),
(7306, 40, 120, 'OfficeJet-Pro-1170-C', 'Y'),
(7307, 40, 120, 'OfficeJet-Pro-1170Cse', 'Y'),
(7308, 40, 120, 'OfficeJet-Pro-1170Cxi', 'Y'),
(7309, 40, 120, 'OfficeJet-Pro-1175C', 'Y'),
(7310, 40, 120, 'OfficeJet-Pro-1175-C', 'Y'),
(7311, 40, 120, 'OfficeJet-Pro-1175Cse', 'Y'),
(7312, 40, 120, 'OfficeJet-Pro-1175Cxi', 'Y'),
(7313, 40, 120, 'OfficeJet-Pro-6500', 'Y'),
(7314, 40, 120, 'OfficeJet-Pro-6500-Wireless', 'Y'),
(7315, 40, 120, 'OfficeJet-Pro-8000', 'Y'),
(7316, 40, 120, 'OfficeJet-Pro-8000-Wireless', 'Y'),
(7317, 40, 120, 'OfficeJet-Pro-8500', 'Y'),
(7318, 40, 120, 'OfficeJet-Pro-8500A-e-A910', 'Y'),
(7319, 40, 120, 'OfficeJet-Pro-8500-Plus-e-A910g', 'Y'),
(7320, 40, 120, 'OfficeJet-Pro-8500-Premier-A909n', 'Y'),
(7321, 40, 120, 'OfficeJet-Pro-8500-Premiume-A910n', 'Y'),
(7322, 40, 120, 'OfficeJet-Pro-8500-Wireless-A909g', 'Y'),
(7323, 40, 120, 'OfficeJet-Pro-K5400', 'Y'),
(7324, 40, 120, 'OfficeJet-Pro-K5400dn', 'Y'),
(7325, 40, 120, 'OfficeJet-Pro-K5400dtn', 'Y'),
(7326, 40, 120, 'OfficeJet-Pro-K5400tn', 'Y'),
(7327, 40, 120, 'OfficeJet-Pro-K550', 'Y'),
(7328, 40, 120, 'OfficeJet-Pro-K550dtn', 'Y'),
(7329, 40, 120, 'OfficeJet-Pro-K550dtwn', 'Y'),
(7330, 40, 120, 'OfficeJet-Pro-K850', 'Y'),
(7331, 40, 120, 'OfficeJet-Pro-K850dn', 'Y'),
(7332, 40, 120, 'OfficeJet-Pro-K8600', 'Y'),
(7333, 40, 120, 'OfficeJet-Pro-K8600dn', 'Y'),
(7334, 40, 120, 'OfficeJet-Pro-K8600dtn', 'Y'),
(7335, 40, 120, 'OfficeJet-Pro-L7000', 'Y'),
(7336, 40, 120, 'OfficeJet-Pro-L7400', 'Y'),
(7337, 40, 120, 'OfficeJet-Pro-L7500', 'Y'),
(7338, 40, 120, 'OfficeJet-Pro-L7550', 'Y'),
(7339, 40, 120, 'OfficeJet-Pro-L7555', 'Y'),
(7340, 40, 120, 'OfficeJet-Pro-L7580', 'Y'),
(7341, 40, 120, 'OfficeJet-Pro-L7590', 'Y'),
(7342, 40, 120, 'OfficeJet-Pro-L7600', 'Y'),
(7343, 40, 120, 'OfficeJet-Pro-L7650', 'Y'),
(7344, 40, 120, 'OfficeJet-Pro-L7680', 'Y'),
(7345, 40, 120, 'OfficeJet-Pro-L7700', 'Y'),
(7346, 40, 120, 'OfficeJet-Pro-L7750', 'Y'),
(7347, 40, 120, 'OfficeJet-Pro-L7780', 'Y'),
(7348, 40, 120, 'OfficeJet-R40', 'Y'),
(7349, 40, 120, 'OfficeJet-R40-MFP', 'Y'),
(7350, 40, 120, 'OfficeJet-R40xi', 'Y'),
(7351, 40, 120, 'OfficeJet-R40xi-MFP', 'Y'),
(7352, 40, 120, 'OfficeJet-R45', 'Y'),
(7353, 40, 120, 'OfficeJet-R45-MFP', 'Y'),
(7354, 40, 120, 'OfficeJet-R60', 'Y'),
(7355, 40, 120, 'OfficeJet-R60-MFP', 'Y'),
(7356, 40, 120, 'OfficeJet-R65', 'Y'),
(7357, 40, 120, 'OfficeJet-R65-MFP', 'Y'),
(7358, 40, 120, 'OfficeJet-R80', 'Y'),
(7359, 40, 120, 'OfficeJet-R80-MFP', 'Y'),
(7360, 40, 120, 'OfficeJet-R80xi', 'Y'),
(7361, 40, 120, 'OfficeJet-R80xi-MFP', 'Y'),
(7362, 40, 120, 'OfficeJet-T45', 'Y'),
(7363, 40, 120, 'OfficeJet-T45-MFP', 'Y'),
(7364, 40, 120, 'OfficeJet-T45xi', 'Y'),
(7365, 40, 120, 'OfficeJet-T45xi-MFP', 'Y'),
(7366, 40, 120, 'OfficeJet-T65', 'Y'),
(7367, 40, 120, 'OfficeJet-T65-MFP', 'Y'),
(7368, 40, 120, 'OfficeJet-T65xi', 'Y'),
(7369, 40, 120, 'OfficeJet-T65xi-MFP', 'Y'),
(7370, 40, 120, 'OfficeJet-V40', 'Y'),
(7371, 40, 120, 'OfficeJet-V40-MFP', 'Y'),
(7372, 40, 120, 'OfficeJet-V40xi', 'Y'),
(7373, 40, 120, 'OfficeJet-V40xi-MFP', 'Y'),
(7374, 40, 120, 'PhotoSmart-1000xi', 'Y'),
(7375, 40, 120, 'PhotoSmart-1115', 'Y'),
(7376, 40, 120, 'PhotoSmart-1315', 'Y'),
(7377, 40, 120, 'PhotoSmart-2570', 'Y'),
(7378, 40, 120, 'PhotoSmart-2575', 'Y'),
(7379, 40, 120, 'PhotoSmart-2575v', 'Y'),
(7380, 40, 120, 'PhotoSmart-2575xi', 'Y'),
(7381, 40, 120, 'PhotoSmart-2600', 'Y'),
(7382, 40, 120, 'PhotoSmart-2610', 'Y'),
(7383, 40, 120, 'PhotoSmart-2610v', 'Y'),
(7384, 40, 120, 'PhotoSmart-2610xi', 'Y'),
(7385, 40, 120, 'PhotoSmart-2710', 'Y'),
(7386, 40, 120, 'PhotoSmart-2710xi', 'Y'),
(7387, 40, 120, 'PhotoSmart-3110', 'Y'),
(7388, 40, 120, 'PhotoSmart-3210', 'Y'),
(7389, 40, 120, 'PhotoSmart-3310', 'Y'),
(7390, 40, 120, 'PhotoSmart-3310xi', 'Y'),
(7391, 40, 120, 'PhotoSmart-5510', 'Y'),
(7392, 40, 120, 'PhotoSmart-6510', 'Y'),
(7393, 40, 120, 'PhotoSmart-7150', 'Y'),
(7394, 40, 120, 'PhotoSmart-7260', 'Y'),
(7395, 40, 120, 'PhotoSmart-7260v', 'Y'),
(7396, 40, 120, 'PhotoSmart-7260w', 'Y'),
(7397, 40, 120, 'PhotoSmart-7350', 'Y'),
(7398, 40, 120, 'PhotoSmart-7450', 'Y'),
(7399, 40, 120, 'PhotoSmart-7450v', 'Y'),
(7400, 40, 120, 'PhotoSmart-7450xi', 'Y'),
(7401, 40, 120, 'PhotoSmart-7510', 'Y'),
(7402, 40, 120, 'PhotoSmart-7550', 'Y'),
(7403, 40, 120, 'PhotoSmart-7660', 'Y'),
(7404, 40, 120, 'PhotoSmart-7660v', 'Y'),
(7405, 40, 120, 'PhotoSmart-7660w', 'Y'),
(7406, 40, 120, 'PhotoSmart-7755', 'Y'),
(7407, 40, 120, 'PhotoSmart-7760', 'Y'),
(7408, 40, 120, 'PhotoSmart-7760v', 'Y'),
(7409, 40, 120, 'PhotoSmart-7760w', 'Y'),
(7410, 40, 120, 'PhotoSmart-7850', 'Y'),
(7411, 40, 120, 'PhotoSmart-7960', 'Y'),
(7412, 40, 120, 'PhotoSmart-7960w', 'Y'),
(7413, 40, 120, 'Photosmart-8030', 'Y'),
(7414, 40, 120, 'Photosmart-8038', 'Y'),
(7415, 40, 120, 'Photosmart-8049', 'Y'),
(7416, 40, 120, 'PhotoSmart-8050', 'Y'),
(7417, 40, 120, 'PhotoSmart-8050v', 'Y'),
(7418, 40, 120, 'PhotoSmart-8050xi', 'Y'),
(7419, 40, 120, 'Photosmart-8053', 'Y'),
(7420, 40, 120, 'PhotoSmart-8150', 'Y'),
(7421, 40, 120, 'PhotoSmart-8150v', 'Y'),
(7422, 40, 120, 'PhotoSmart-8150xi', 'Y'),
(7423, 40, 120, 'PhotoSmart-8250', 'Y'),
(7424, 40, 120, 'PhotoSmart-8450', 'Y'),
(7425, 40, 120, 'PhotoSmart-8450xi', 'Y'),
(7426, 40, 120, 'PhotoSmart-8750', 'Y'),
(7427, 40, 120, 'PhotoSmart-A310', 'Y'),
(7428, 40, 120, 'PhotoSmart-A430', 'Y'),
(7429, 40, 120, 'PhotoSmart-A432', 'Y'),
(7430, 40, 120, 'PhotoSmart-A433', 'Y'),
(7431, 40, 120, 'PhotoSmart-A434', 'Y'),
(7432, 40, 120, 'PhotoSmart-A436', 'Y'),
(7433, 40, 120, 'PhotoSmart-A440', 'Y'),
(7434, 40, 120, 'PhotoSmart-A442', 'Y'),
(7435, 40, 120, 'PhotoSmart-A444', 'Y'),
(7436, 40, 120, 'PhotoSmart-A445', 'Y'),
(7437, 40, 120, 'PhotoSmart-A446', 'Y'),
(7438, 40, 120, 'PhotoSmart-A510', 'Y'),
(7439, 40, 120, 'PhotoSmart-A516', 'Y'),
(7440, 40, 120, 'PhotoSmart-A522', 'Y'),
(7441, 40, 120, 'PhotoSmart-A526', 'Y'),
(7442, 40, 120, 'PhotoSmart-A530', 'Y'),
(7443, 40, 120, 'PhotoSmart-A536', 'Y'),
(7444, 40, 120, 'PhotoSmart-A610', 'Y'),
(7445, 40, 120, 'PhotoSmart-A616', 'Y'),
(7446, 40, 120, 'PhotoSmart-A622', 'Y'),
(7447, 40, 120, 'PhotoSmart-A626', 'Y'),
(7448, 40, 120, 'PhotoSmart-A627', 'Y'),
(7449, 40, 120, 'PhotoSmart-A630', 'Y'),
(7450, 40, 120, 'PhotoSmart-A636', 'Y'),
(7451, 40, 120, 'PhotoSmart-A640', 'Y'),
(7452, 40, 120, 'PhotoSmart-A646', 'Y'),
(7453, 40, 120, 'PhotoSmart-A710', 'Y'),
(7454, 40, 120, 'PhotoSmart-A716', 'Y'),
(7455, 40, 120, 'PhotoSmart-A717', 'Y'),
(7456, 40, 120, 'PhotoSmart-A826', 'Y'),
(7457, 40, 120, 'PhotoSmart-B8550', 'Y'),
(7458, 40, 120, 'PhotoSmart-C3100', 'Y'),
(7459, 40, 120, 'PhotoSmart-C3140', 'Y'),
(7460, 40, 120, 'PhotoSmart-C3150', 'Y'),
(7461, 40, 120, 'PhotoSmart-C3180', 'Y'),
(7462, 40, 120, 'PhotoSmart-C4140', 'Y'),
(7463, 40, 120, 'PhotoSmart-C4150', 'Y'),
(7464, 40, 120, 'PhotoSmart-C4180', 'Y'),
(7465, 40, 120, 'PhotoSmart-C4210', 'Y'),
(7466, 40, 120, 'PhotoSmart-C4240', 'Y'),
(7467, 40, 120, 'PhotoSmart-C4250', 'Y'),
(7468, 40, 120, 'PhotoSmart-C4280', 'Y'),
(7469, 40, 120, 'PhotoSmart-C4280-MFP', 'Y'),
(7470, 40, 120, 'PhotoSmart-C4340', 'Y'),
(7471, 40, 120, 'PhotoSmart-C4342', 'Y'),
(7472, 40, 120, 'PhotoSmart-C4343', 'Y'),
(7473, 40, 120, 'PhotoSmart-C4344', 'Y'),
(7474, 40, 120, 'PhotoSmart-C4345', 'Y'),
(7475, 40, 120, 'PhotoSmart-C4348', 'Y'),
(7476, 40, 120, 'PhotoSmart-C4380', 'Y'),
(7477, 40, 120, 'PhotoSmart-C4382', 'Y'),
(7478, 40, 120, 'PhotoSmart-C4383', 'Y'),
(7479, 40, 120, 'PhotoSmart-C4384', 'Y'),
(7480, 40, 120, 'PhotoSmart-C4385', 'Y'),
(7481, 40, 120, 'PhotoSmart-C4400', 'Y'),
(7482, 40, 120, 'PhotoSmart-C4410', 'Y'),
(7483, 40, 120, 'PhotoSmart-C4435', 'Y'),
(7484, 40, 120, 'PhotoSmart-C4440', 'Y'),
(7485, 40, 120, 'PhotoSmart-C4450', 'Y'),
(7486, 40, 120, 'PhotoSmart-C4470', 'Y'),
(7487, 40, 120, 'PhotoSmart-C4472', 'Y'),
(7488, 40, 120, 'PhotoSmart-C4473', 'Y'),
(7489, 40, 120, 'PhotoSmart-C4475', 'Y'),
(7490, 40, 120, 'PhotoSmart-C4480', 'Y'),
(7491, 40, 120, 'PhotoSmart-C4483', 'Y'),
(7492, 40, 120, 'PhotoSmart-C4485', 'Y'),
(7493, 40, 120, 'PhotoSmart-C4488', 'Y'),
(7494, 40, 120, 'PhotoSmart-C4493', 'Y'),
(7495, 40, 120, 'PhotoSmart-C4494', 'Y'),
(7496, 40, 120, 'PhotoSmart-C4500', 'Y'),
(7497, 40, 120, 'PhotoSmart-C4524', 'Y'),
(7498, 40, 120, 'PhotoSmart-C4540', 'Y'),
(7499, 40, 120, 'PhotoSmart-C4550', 'Y'),
(7500, 40, 120, 'PhotoSmart-C4575', 'Y'),
(7501, 40, 120, 'PhotoSmart-C4580', 'Y'),
(7502, 40, 120, 'PhotoSmart-C4583', 'Y'),
(7503, 40, 120, 'PhotoSmart-C4585', 'Y'),
(7504, 40, 120, 'PhotoSmart-C4588', 'Y'),
(7505, 40, 120, 'PhotoSmart-C4599', 'Y'),
(7506, 40, 120, 'PhotoSmart-C4600-Series', 'Y'),
(7507, 40, 120, 'PhotoSmart-C4610', 'Y'),
(7508, 40, 120, 'PhotoSmart-C4635', 'Y'),
(7509, 40, 120, 'PhotoSmart-C4640', 'Y'),
(7510, 40, 120, 'PhotoSmart-C4650', 'Y'),
(7511, 40, 120, 'PhotoSmart-C4670', 'Y'),
(7512, 40, 120, 'PhotoSmart-C4673', 'Y'),
(7513, 40, 120, 'PhotoSmart-C4680', 'Y'),
(7514, 40, 120, 'PhotoSmart-C4683', 'Y'),
(7515, 40, 120, 'PhotoSmart-C4685', 'Y'),
(7516, 40, 120, 'PhotoSmart-C4688', 'Y'),
(7517, 40, 120, 'PhotoSmart-C4700-Series', 'Y'),
(7518, 40, 120, 'PhotoSmart-C4740', 'Y'),
(7519, 40, 120, 'PhotoSmart-C4750', 'Y'),
(7520, 40, 120, 'PhotoSmart-C4780', 'Y'),
(7521, 40, 120, 'PhotoSmart-C4783', 'Y'),
(7522, 40, 120, 'PhotoSmart-C4785', 'Y'),
(7523, 40, 120, 'PhotoSmart-C4788', 'Y'),
(7524, 40, 120, 'PhotoSmart-C4793', 'Y'),
(7525, 40, 120, 'PhotoSmart-C4795', 'Y'),
(7526, 40, 120, 'PhotoSmart-C4798', 'Y'),
(7527, 40, 120, 'PhotoSmart-C4799', 'Y'),
(7528, 40, 120, 'PhotoSmart-C5140', 'Y'),
(7529, 40, 120, 'PhotoSmart-C5150', 'Y'),
(7530, 40, 120, 'PhotoSmart-C5180', 'Y'),
(7531, 40, 120, 'PhotoSmart-C5240', 'Y'),
(7532, 40, 120, 'PhotoSmart-C5250', 'Y'),
(7533, 40, 120, 'PhotoSmart-C5280', 'Y'),
(7534, 40, 120, 'PhotoSmart-C5300-Series', 'Y'),
(7535, 40, 120, 'PhotoSmart-C5324', 'Y'),
(7536, 40, 120, 'PhotoSmart-C5370', 'Y'),
(7537, 40, 120, 'PhotoSmart-C5373', 'Y'),
(7538, 40, 120, 'PhotoSmart-C5380', 'Y'),
(7539, 40, 120, 'PhotoSmart-C5383', 'Y'),
(7540, 40, 120, 'PhotoSmart-C5388', 'Y'),
(7541, 40, 120, 'PhotoSmart-C5390', 'Y'),
(7542, 40, 120, 'PhotoSmart-C5393', 'Y'),
(7543, 40, 120, 'PhotoSmart-C5500', 'Y'),
(7544, 40, 120, 'PhotoSmart-C5540', 'Y'),
(7545, 40, 120, 'PhotoSmart-C5550', 'Y'),
(7546, 40, 120, 'PhotoSmart-C5570', 'Y'),
(7547, 40, 120, 'PhotoSmart-C5580', 'Y'),
(7548, 40, 120, 'PhotoSmart-C6100', 'Y'),
(7549, 40, 120, 'PhotoSmart-C6150', 'Y'),
(7550, 40, 120, 'PhotoSmart-C6180', 'Y'),
(7551, 40, 120, 'PhotoSmart-C6240', 'Y'),
(7552, 40, 120, 'PhotoSmart-C6250', 'Y'),
(7553, 40, 120, 'PhotoSmart-C6280', 'Y'),
(7554, 40, 120, 'PhotoSmart-C6300-Series', 'Y'),
(7555, 40, 120, 'PhotoSmart-C6324', 'Y'),
(7556, 40, 120, 'PhotoSmart-C6340', 'Y'),
(7557, 40, 120, 'PhotoSmart-C6350', 'Y'),
(7558, 40, 120, 'PhotoSmart-C6375', 'Y'),
(7559, 40, 120, 'PhotoSmart-C6380', 'Y'),
(7560, 40, 120, 'PhotoSmart-C6383', 'Y'),
(7561, 40, 120, 'PhotoSmart-C6388', 'Y'),
(7562, 40, 120, 'PhotoSmart-C7180', 'Y'),
(7563, 40, 120, 'PhotoSmart-C7250', 'Y'),
(7564, 40, 120, 'PhotoSmart-C7275', 'Y'),
(7565, 40, 120, 'PhotoSmart-C7280', 'Y'),
(7566, 40, 120, 'PhotoSmart-C7283', 'Y'),
(7567, 40, 120, 'PhotoSmart-C7288', 'Y'),
(7568, 40, 120, 'PhotoSmart-C8180', 'Y'),
(7569, 40, 120, 'PhotoSmart-D5060', 'Y'),
(7570, 40, 120, 'PhotoSmart-D5065', 'Y'),
(7571, 40, 120, 'PhotoSmart-D5069', 'Y'),
(7572, 40, 120, 'PhotoSmart-D5145', 'Y'),
(7573, 40, 120, 'PhotoSmart-D5155', 'Y'),
(7574, 40, 120, 'PhotoSmart-D5160', 'Y'),
(7575, 40, 120, 'PhotoSmart-D5345', 'Y'),
(7576, 40, 120, 'PhotoSmart-D5360', 'Y'),
(7577, 40, 120, 'PhotoSmart-D5400-Series', 'Y'),
(7578, 40, 120, 'PhotoSmart-D5445', 'Y'),
(7579, 40, 120, 'PhotoSmart-D5460', 'Y'),
(7580, 40, 120, 'PhotoSmart-D5463', 'Y'),
(7581, 40, 120, 'PhotoSmart-D5468', 'Y'),
(7582, 40, 120, 'PhotoSmart-D6160', 'Y'),
(7583, 40, 120, 'PhotoSmart-D7145', 'Y'),
(7584, 40, 120, 'PhotoSmart-D7155', 'Y'),
(7585, 40, 120, 'PhotoSmart-D7160', 'Y'),
(7586, 40, 120, 'PhotoSmart-D7260', 'Y'),
(7587, 40, 120, 'PhotoSmart-D7345', 'Y'),
(7588, 40, 120, 'PhotoSmart-D7355', 'Y'),
(7589, 40, 120, 'PhotoSmart-D7360', 'Y'),
(7590, 40, 120, 'PhotoSmart-D7460', 'Y'),
(7591, 40, 120, 'PhotoSmart-D7560', 'Y'),
(7592, 40, 120, 'PhotoSmart-e-AIO', 'Y'),
(7593, 40, 120, 'PhotoSmart-e-AIO-D110a', 'Y'),
(7594, 40, 120, 'PhotoSmart-eStation-AIO-C510', 'Y'),
(7595, 40, 120, 'PhotoSmart-eStation-eAIO-C510', 'Y'),
(7596, 40, 120, 'PhotoSmart-eStation-e-AIO-C510', 'Y'),
(7597, 40, 120, 'PhotoSmart-P1000', 'Y'),
(7598, 40, 120, 'PhotoSmart-P1100', 'Y'),
(7599, 40, 120, 'PhotoSmart-P1100xi', 'Y'),
(7600, 40, 120, 'PhotoSmart-P1215', 'Y'),
(7601, 40, 120, 'PhotoSmart-P1215vm', 'Y'),
(7602, 40, 120, 'PhotoSmart-P1218', 'Y'),
(7603, 40, 120, 'PhotoSmart-P1218xi', 'Y'),
(7604, 40, 120, 'PhotoSmart-Plue-e-AIO', 'Y'),
(7605, 40, 120, 'PhotoSmart-Plus-B209a', 'Y'),
(7606, 40, 120, 'PhotoSmart-Plus-e-AIO', 'Y'),
(7607, 40, 120, 'PhotoSmart-Plus-e-AIO-B210', 'Y'),
(7608, 40, 120, 'PhotoSmart-Plus-e-AIO-B210a', 'Y'),
(7609, 40, 120, 'PhotoSmart-Premium-C309a', 'Y'),
(7610, 40, 120, 'PhotoSmart-Premium-C309c', 'Y'),
(7611, 40, 120, 'PhotoSmart-Premium-C309g', 'Y'),
(7612, 40, 120, 'PhotoSmart-Premium-e-AIO', 'Y'),
(7613, 40, 120, 'PhotoSmart-Premium-e-AIO-C310a', 'Y'),
(7614, 40, 120, 'PhotoSmart-Premium-Fax', 'Y'),
(7615, 40, 120, 'PhotoSmart-Premium-Fax-e-AIO', 'Y'),
(7616, 40, 120, 'PhotoSmart-PremiumFax-e-AIO-C410a', 'Y'),
(7617, 40, 120, 'PhotoSmart-Premium-Touch-WebSmart', 'Y'),
(7618, 40, 120, 'PhotoSmart-Pro-B8350', 'Y'),
(7619, 40, 120, 'PhotoSmart-Pro-B8550-Series', 'Y'),
(7620, 40, 120, 'PhotoSmart-Pro-B8553', 'Y'),
(7621, 40, 120, 'PhotoSmart-Pro-B8558', 'Y'),
(7622, 40, 120, 'PhtoSmart-100', 'Y'),
(7623, 40, 120, 'PhtoSmart-130', 'Y'),
(7624, 40, 120, 'PhtoSmart-130v', 'Y'),
(7625, 40, 120, 'PhtoSmart-130xi', 'Y'),
(7626, 40, 120, 'PhtoSmart-145', 'Y'),
(7627, 40, 120, 'PhtoSmart-145v', 'Y'),
(7628, 40, 120, 'PhtoSmart-145xi', 'Y'),
(7629, 40, 120, 'PhtoSmart-230', 'Y'),
(7630, 40, 120, 'PhtoSmart-230v', 'Y'),
(7631, 40, 120, 'PhtoSmart-230xi', 'Y'),
(7632, 40, 120, 'PhtoSmart-245', 'Y'),
(7633, 40, 120, 'PhtoSmart-245v', 'Y'),
(7634, 40, 120, 'PhtoSmart-245xi', 'Y'),
(7635, 40, 120, 'PhtoSmart-7150', 'Y'),
(7636, 40, 120, 'PhtoSmart-7260', 'Y'),
(7637, 40, 120, 'PhtoSmart-7260v', 'Y'),
(7638, 40, 120, 'PhtoSmart-7260w', 'Y'),
(7639, 40, 120, 'PhtoSmart-7350', 'Y'),
(7640, 40, 120, 'PhtoSmart-7450', 'Y'),
(7641, 40, 120, 'PhtoSmart-7450v', 'Y'),
(7642, 40, 120, 'PhtoSmart-7450xi', 'Y'),
(7643, 40, 120, 'PhtoSmart-7550', 'Y'),
(7644, 40, 120, 'PhtoSmart-7660', 'Y'),
(7645, 40, 120, 'PhtoSmart-7660v', 'Y'),
(7646, 40, 120, 'PhtoSmart-7660w', 'Y'),
(7647, 40, 120, 'PSC-1110', 'Y'),
(7648, 40, 120, 'PSC-1110v', 'Y'),
(7649, 40, 120, 'PSC-1118', 'Y'),
(7650, 40, 120, 'PSC-1200', 'Y'),
(7651, 40, 120, 'PSC-1205', 'Y'),
(7652, 40, 120, 'PSC-1209', 'Y'),
(7653, 40, 120, 'PSC-1210', 'Y'),
(7654, 40, 120, 'PSC-1210v', 'Y'),
(7655, 40, 120, 'PSC-1210xi', 'Y'),
(7656, 40, 120, 'PSC-1310', 'Y'),
(7657, 40, 120, 'PSC-1311', 'Y'),
(7658, 40, 120, 'PSC-1315', 'Y'),
(7659, 40, 120, 'PSC-1315v', 'Y'),
(7660, 40, 120, 'PSC-1315xi', 'Y'),
(7661, 40, 120, 'PSC-1317', 'Y'),
(7662, 40, 120, 'PSC--1317', 'Y'),
(7663, 40, 120, 'PSC-1340', 'Y'),
(7664, 40, 120, 'PSC-1350', 'Y'),
(7665, 40, 120, 'PSC-1350v', 'Y'),
(7666, 40, 120, 'PSC-1350xi', 'Y'),
(7667, 40, 120, 'PSC-1355', 'Y'),
(7668, 40, 120, 'PSC-1400', 'Y'),
(7669, 40, 120, 'PSC-1401', 'Y'),
(7670, 40, 120, 'PSC-1402', 'Y'),
(7671, 40, 120, 'PSC-1403', 'Y'),
(7672, 40, 120, 'PSC-1406', 'Y'),
(7673, 40, 120, 'PSC-1408', 'Y'),
(7674, 40, 120, 'PSC-1410', 'Y'),
(7675, 40, 120, 'PSC-1410v', 'Y'),
(7676, 40, 120, 'PSC-1410xi', 'Y'),
(7677, 40, 120, 'PSC-1415', 'Y'),
(7678, 40, 120, 'PSC-1417', 'Y'),
(7679, 40, 120, 'PSC-1507', 'Y'),
(7680, 40, 120, 'PSC-1510', 'Y'),
(7681, 40, 120, 'PSC-1510v', 'Y'),
(7682, 40, 120, 'PSC-1510xi', 'Y'),
(7683, 40, 120, 'PSC-1600', 'Y'),
(7684, 40, 120, 'PSC-1610', 'Y'),
(7685, 40, 120, 'PSC-1610v', 'Y'),
(7686, 40, 120, 'PSC-1610xi', 'Y'),
(7687, 40, 120, 'PSC-2105', 'Y'),
(7688, 40, 120, 'PSC-2108', 'Y'),
(7689, 40, 120, 'PSC-2110', 'Y'),
(7690, 40, 120, 'PSC-2110v', 'Y'),
(7691, 40, 120, 'PSC-2110xi', 'Y'),
(7692, 40, 120, 'PSC-2115', 'Y'),
(7693, 40, 120, 'PSC-2150', 'Y'),
(7694, 40, 120, 'PSC-2170', 'Y'),
(7695, 40, 120, 'PSC-2171', 'Y'),
(7696, 40, 120, 'PSC-2175', 'Y'),
(7697, 40, 120, 'PSC-2175v', 'Y'),
(7698, 40, 120, 'PSC-2175xi', 'Y'),
(7699, 40, 120, 'PSC-2200', 'Y'),
(7700, 40, 120, 'PSC-2200-Series', 'Y'),
(7701, 40, 120, 'PSC-2210', 'Y'),
(7702, 40, 120, 'PSC-2210v', 'Y'),
(7703, 40, 120, 'PSC-2210xi', 'Y'),
(7704, 40, 120, 'PSC-2350', 'Y'),
(7705, 40, 120, 'PSC-2355', 'Y'),
(7706, 40, 120, 'PSC-2355v', 'Y'),
(7707, 40, 120, 'PSC-2355xi', 'Y'),
(7708, 40, 120, 'PSC-2410', 'Y'),
(7709, 40, 120, 'PSC-2410v', 'Y'),
(7710, 40, 120, 'PSC-2410v-PhotoSmart', 'Y'),
(7711, 40, 120, 'PSC-2410xi', 'Y'),
(7712, 40, 120, 'PSC-2410xi-PhotoSmart', 'Y'),
(7713, 40, 120, 'PSC-2510', 'Y'),
(7714, 40, 120, 'PSC-2510xi-PhotoSmart', 'Y'),
(7715, 40, 120, 'PSC-500', 'Y'),
(7716, 40, 120, 'PSC-500xi', 'Y'),
(7717, 40, 120, 'PSC-720', 'Y'),
(7718, 40, 120, 'PSC-750', 'Y'),
(7719, 40, 120, 'PSC-750xi', 'Y'),
(7720, 40, 120, 'PSC-760', 'Y'),
(7721, 40, 120, 'PSC-950', 'Y'),
(7722, 40, 120, 'PSC-950xi', 'Y'),
(7723, 40, 120, 'PSC-PhotoSmart-2610', 'Y'),
(7724, 40, 120, 'PSC-PhotoSmart-2710', 'Y'),
(7725, 40, 120, 'QuietJet', 'Y'),
(7726, 40, 120, 'QuietJet-2228A', 'Y'),
(7727, 40, 120, 'QuietJet-Plus', 'Y'),
(7728, 40, 120, 'QuietJet-Plus-2227A', 'Y'),
(7729, 40, 120, 'QuietJet-Plus-2227B', 'Y'),
(7730, 40, 120, 'Think-Jet', 'Y'),
(7731, 40, 120, 'Thinkjet-2225', 'Y'),
(7732, 40, 120, 'Thinkjet-2225A', 'Y'),
(7733, 40, 120, 'Thinkjet-2225B', 'Y'),
(7734, 40, 120, 'Thinkjet-2225C', 'Y'),
(7735, 40, 120, 'Thinkjet-2225D', 'Y'),
(7736, 40, 121, 'Color-Laser-1600', 'Y'),
(7737, 40, 121, 'Color-Laser-2550L', 'Y'),
(7738, 40, 121, 'Color-Laser-2550Ln', 'Y'),
(7739, 40, 121, 'Color-Laser-2550n', 'Y'),
(7740, 40, 121, 'Color-Laser-2600n', 'Y'),
(7741, 40, 121, 'Color-Laser-2605dn', 'Y'),
(7742, 40, 121, 'Color-Laser-2605dtn', 'Y'),
(7743, 40, 121, 'Color-Laser-2700', 'Y'),
(7744, 40, 121, 'Color-Laser-2700n', 'Y'),
(7745, 40, 121, 'Color-Laser-2800-Series', 'Y'),
(7746, 40, 121, 'Color-Laser-2820', 'Y'),
(7747, 40, 121, 'Color-Laser-2840', 'Y'),
(7748, 40, 121, 'Color-Laser-3000', 'Y'),
(7749, 40, 121, 'Color-Laser-3000dn', 'Y'),
(7750, 40, 121, 'Color-Laser-3000dtn', 'Y'),
(7751, 40, 121, 'Color-Laser-3000n', 'Y'),
(7752, 40, 121, 'Color-Laser-3500', 'Y'),
(7753, 40, 121, 'Color-Laser-3500n', 'Y'),
(7754, 40, 121, 'Color-Laser-3550', 'Y'),
(7755, 40, 121, 'Color-Laser-3550n', 'Y'),
(7756, 40, 121, 'Color-Laser-3600', 'Y'),
(7757, 40, 121, 'Color-Laser-3600dn', 'Y'),
(7758, 40, 121, 'Color-Laser-3600n', 'Y'),
(7759, 40, 121, 'Color-Laser-3700', 'Y'),
(7760, 40, 121, 'Color-Laser-3700dn', 'Y'),
(7761, 40, 121, 'Color-Laser-3700dtn', 'Y'),
(7762, 40, 121, 'Color-Laser-3700n', 'Y'),
(7763, 40, 121, 'Color-Laser-3800', 'Y'),
(7764, 40, 121, 'Color-Laser-3800dn', 'Y'),
(7765, 40, 121, 'Color-Laser-3800dtn', 'Y'),
(7766, 40, 121, 'Color-Laser-3800n', 'Y'),
(7767, 40, 121, 'Color-Laser-4600', 'Y'),
(7768, 40, 121, 'Color-Laser-4600dn', 'Y'),
(7769, 40, 121, 'Color-Laser-4600dtn', 'Y'),
(7770, 40, 121, 'Color-Laser-4600hdn', 'Y'),
(7771, 40, 121, 'Color-Laser-4600n', 'Y'),
(7772, 40, 121, 'Color-Laser-4610n', 'Y'),
(7773, 40, 121, 'Color-Laser-4650', 'Y'),
(7774, 40, 121, 'Color-Laser-4650dn', 'Y'),
(7775, 40, 121, 'Color-Laser-4650dtn', 'Y'),
(7776, 40, 121, 'Color-Laser-4650hdn', 'Y'),
(7777, 40, 121, 'Color-Laser-4650n', 'Y'),
(7778, 40, 121, 'Color-Laser-4700dn', 'Y'),
(7779, 40, 121, 'Color-Laser-4700dtn', 'Y'),
(7780, 40, 121, 'Color-Laser-4700n', 'Y'),
(7781, 40, 121, 'Color-Laser-4700ph+', 'Y'),
(7782, 40, 121, 'Color-Laser-4730mfp', 'Y'),
(7783, 40, 121, 'Color-Laser-4730x-mfp', 'Y'),
(7784, 40, 121, 'Color-Laser-4730xm-mfp', 'Y'),
(7785, 40, 121, 'Color-Laser-4730xs-mfp', 'Y'),
(7786, 40, 121, 'Color-Laser-5500', 'Y'),
(7787, 40, 121, 'Color-Laser-5500dn', 'Y'),
(7788, 40, 121, 'Color-Laser-5500dtn', 'Y'),
(7789, 40, 121, 'Color-Laser-5500hdn', 'Y'),
(7790, 40, 121, 'Color-Laser-5500n', 'Y'),
(7791, 40, 121, 'Color-Laser-5550', 'Y'),
(7792, 40, 121, 'Color-Laser-5550dn', 'Y'),
(7793, 40, 121, 'Color-Laser-5550dtn', 'Y'),
(7794, 40, 121, 'Color-Laser-5550hdn', 'Y'),
(7795, 40, 121, 'Color-Laser-5550n', 'Y'),
(7796, 40, 121, 'Color-Laser-CM1015MFP', 'Y'),
(7797, 40, 121, 'Color-Laser-CM1017MFP', 'Y'),
(7798, 40, 121, 'Color-Laser-CM1312-MFP', 'Y'),
(7799, 40, 121, 'Color-Laser-CM1312nfi-MFP', 'Y'),
(7800, 40, 121, 'Color-Laser-CM2320fxi', 'Y'),
(7801, 40, 121, 'Color-Laser-CM2320n', 'Y'),
(7802, 40, 121, 'Color-Laser-CM2320nf', 'Y'),
(7803, 40, 121, 'Color-Laser-CM3530fs-MFP', 'Y'),
(7804, 40, 121, 'Color-Laser-CM3530-MFP', 'Y'),
(7805, 40, 121, 'Color-Laser-CM4730f-MFP', 'Y'),
(7806, 40, 121, 'Color-Laser-CM4730fm-MFP', 'Y'),
(7807, 40, 121, 'Color-Laser-CM4730fsk-MFP', 'Y'),
(7808, 40, 121, 'Color-Laser-CM4730-MFP', 'Y'),
(7809, 40, 121, 'Color-Laser-CP1210-Series', 'Y'),
(7810, 40, 121, 'Color-Laser-CP1215', 'Y'),
(7811, 40, 121, 'Color-Laser-CP1217', 'Y'),
(7812, 40, 121, 'Color-Laser-CP1510-Series', 'Y'),
(7813, 40, 121, 'Color-Laser-CP1515n', 'Y'),
(7814, 40, 121, 'Color-Laser-CP1518ni', 'Y'),
(7815, 40, 121, 'Color-Laser-CP1525NW', 'Y'),
(7816, 40, 121, 'Color-Laser-CP2025dn', 'Y'),
(7817, 40, 121, 'Color-Laser-CP2025n', 'Y'),
(7818, 40, 121, 'Color-Laser-CP2025x', 'Y'),
(7819, 40, 121, 'Color-Laser-CP3505', 'Y'),
(7820, 40, 121, 'Color-Laser-CP3505dn', 'Y'),
(7821, 40, 121, 'Color-Laser-CP3505n', 'Y'),
(7822, 40, 121, 'Color-Laser-CP3505x', 'Y'),
(7823, 40, 121, 'Color-Laser-CP3525dn', 'Y'),
(7824, 40, 121, 'Color-Laser-CP3525n', 'Y'),
(7825, 40, 121, 'Color-Laser-CP3525x', 'Y'),
(7826, 40, 121, 'Color-Laser-CP4005', 'Y'),
(7827, 40, 121, 'Color-Laser-CP4005dn', 'Y'),
(7828, 40, 121, 'Color-Laser-CP4005n', 'Y'),
(7829, 40, 121, 'Color-Laser-Pro-CM1415', 'Y'),
(7830, 40, 121, 'Color-Laser-Pro-CM1415FNW', 'Y'),
(7831, 40, 121, 'Laser-1000', 'Y'),
(7832, 40, 121, 'Laser-1000W', 'Y'),
(7833, 40, 121, 'Laser-1005W', 'Y'),
(7834, 40, 121, 'Laser-1010', 'Y'),
(7835, 40, 121, 'Laser-1012', 'Y'),
(7836, 40, 121, 'Laser-1015', 'Y'),
(7837, 40, 121, 'Laser-1018', 'Y'),
(7838, 40, 121, 'Laser-1020', 'Y'),
(7839, 40, 121, 'Laser-1022', 'Y'),
(7840, 40, 121, 'Laser-1022n', 'Y'),
(7841, 40, 121, 'Laser-1022nw', 'Y'),
(7842, 40, 121, 'Laser-1100', 'Y'),
(7843, 40, 121, 'Laser-1100A', 'Y'),
(7844, 40, 121, 'Laser-1100Ase', 'Y'),
(7845, 40, 121, 'Laser-1100Axi', 'Y'),
(7846, 40, 121, 'Laser-1100se', 'Y'),
(7847, 40, 121, 'Laser-1100xi', 'Y'),
(7848, 40, 121, 'Laser-1150', 'Y'),
(7849, 40, 121, 'Laser-1160', 'Y'),
(7850, 40, 121, 'Laser-1200', 'Y'),
(7851, 40, 121, 'Laser-1200n', 'Y'),
(7852, 40, 121, 'Laser-1200se', 'Y'),
(7853, 40, 121, 'Laser-1220', 'Y'),
(7854, 40, 121, 'Laser-1220se', 'Y'),
(7855, 40, 121, 'Laser-1300', 'Y'),
(7856, 40, 121, 'Laser-1300n', 'Y'),
(7857, 40, 121, 'Laser-1300t', 'Y'),
(7858, 40, 121, 'Laser-1300xi', 'Y'),
(7859, 40, 121, 'Laser-1320', 'Y'),
(7860, 40, 121, 'Laser-1320n', 'Y'),
(7861, 40, 121, 'Laser-1320nw', 'Y'),
(7862, 40, 121, 'Laser-1320t', 'Y'),
(7863, 40, 121, 'Laser-1320tn', 'Y'),
(7864, 40, 121, 'Laser-2100', 'Y'),
(7865, 40, 121, 'Laser-2100M', 'Y'),
(7866, 40, 121, 'Laser-2100se', 'Y'),
(7867, 40, 121, 'Laser-2100TN', 'Y'),
(7868, 40, 121, 'Laser-2100xi', 'Y'),
(7869, 40, 121, 'Laser-2200d', 'Y'),
(7870, 40, 121, 'Laser-2200dn', 'Y'),
(7871, 40, 121, 'Laser-2200dse', 'Y'),
(7872, 40, 121, 'Laser-2200dt', 'Y'),
(7873, 40, 121, 'Laser-2200dtn', 'Y'),
(7874, 40, 121, 'Laser-2300', 'Y'),
(7875, 40, 121, 'Laser-2300d', 'Y'),
(7876, 40, 121, 'Laser-2300dn', 'Y'),
(7877, 40, 121, 'Laser-2300dtn', 'Y'),
(7878, 40, 121, 'Laser-2300L', 'Y'),
(7879, 40, 121, 'Laser-2300n', 'Y'),
(7880, 40, 121, 'Laser-2400', 'Y'),
(7881, 40, 121, 'Laser-2410', 'Y'),
(7882, 40, 121, 'Laser-2420', 'Y'),
(7883, 40, 121, 'Laser-2420d', 'Y'),
(7884, 40, 121, 'Laser-2420dn', 'Y'),
(7885, 40, 121, 'Laser-2420n', 'Y'),
(7886, 40, 121, 'Laser-2430dtn', 'Y'),
(7887, 40, 121, 'Laser-2430n', 'Y'),
(7888, 40, 121, 'Laser-2430tn', 'Y'),
(7889, 40, 121, 'Laser-3015-MFP', 'Y'),
(7890, 40, 121, 'Laser-3020-MFP', 'Y'),
(7891, 40, 121, 'Laser-3030-MFP', 'Y'),
(7892, 40, 121, 'Laser-3050', 'Y'),
(7893, 40, 121, 'Laser-3052', 'Y'),
(7894, 40, 121, 'Laser-3055', 'Y'),
(7895, 40, 121, 'Laser-3100se', 'Y'),
(7896, 40, 121, 'Laser-3100xi-MFP', 'Y'),
(7897, 40, 121, 'Laser-3150-MFP', 'Y'),
(7898, 40, 121, 'Laser-3150se-MFP', 'Y'),
(7899, 40, 121, 'Laser-3150xi-MFP', 'Y'),
(7900, 40, 121, 'Laser-3200', 'Y'),
(7901, 40, 121, 'Laser-3200M', 'Y'),
(7902, 40, 121, 'Laser-3200se', 'Y'),
(7903, 40, 121, 'Laser-3300', 'Y'),
(7904, 40, 121, 'Laser-3300-mfp', 'Y'),
(7905, 40, 121, 'Laser-3310', 'Y'),
(7906, 40, 121, 'Laser-3320mfp', 'Y'),
(7907, 40, 121, 'Laser-3320n-mfp', 'Y'),
(7908, 40, 121, 'Laser-3330-mfp', 'Y'),
(7909, 40, 121, 'Laser-3380-MFP', 'Y'),
(7910, 40, 121, 'Laser-3390', 'Y'),
(7911, 40, 121, 'Laser-3392', 'Y'),
(7912, 40, 121, 'Laser-4', 'Y'),
(7913, 40, 121, 'Laser-4000', 'Y'),
(7914, 40, 121, 'Laser-4000N', 'Y'),
(7915, 40, 121, 'Laser-4000se', 'Y'),
(7916, 40, 121, 'Laser-4000T', 'Y'),
(7917, 40, 121, 'Laser-4000TN', 'Y'),
(7918, 40, 121, 'Laser-4050', 'Y'),
(7919, 40, 121, 'Laser-4050N', 'Y'),
(7920, 40, 121, 'Laser-4050se', 'Y'),
(7921, 40, 121, 'Laser-4050T', 'Y'),
(7922, 40, 121, 'Laser-4050TN', 'Y'),
(7923, 40, 121, 'Laser-4100', 'Y'),
(7924, 40, 121, 'Laser-4100dtn', 'Y'),
(7925, 40, 121, 'Laser-4100mfp', 'Y'),
(7926, 40, 121, 'Laser-4100n', 'Y'),
(7927, 40, 121, 'Laser-4100tn', 'Y'),
(7928, 40, 121, 'Laser-4101-mfp', 'Y'),
(7929, 40, 121, 'Laser-4200-Series', 'Y'),
(7930, 40, 121, 'Laser-4240n', 'Y'),
(7931, 40, 121, 'Laser-4250', 'Y'),
(7932, 40, 121, 'Laser-4250dtn', 'Y'),
(7933, 40, 121, 'Laser-4250dtnsl', 'Y'),
(7934, 40, 121, 'Laser-4250n', 'Y'),
(7935, 40, 121, 'Laser-4250tn', 'Y'),
(7936, 40, 121, 'Laser-4300-Series', 'Y'),
(7937, 40, 121, 'Laser-4345mfp', 'Y'),
(7938, 40, 121, 'Laser-4345x', 'Y'),
(7939, 40, 121, 'Laser-4345xm', 'Y'),
(7940, 40, 121, 'Laser-4345xs', 'Y'),
(7941, 40, 121, 'Laser-4350dtn', 'Y'),
(7942, 40, 121, 'Laser-4350dtnsl', 'Y'),
(7943, 40, 121, 'Laser-4350n', 'Y'),
(7944, 40, 121, 'Laser-4350tn', 'Y'),
(7945, 40, 121, 'Laser-4M', 'Y'),
(7946, 40, 121, 'Laser-4M-Plus', 'Y'),
(7947, 40, 121, 'Laser-4-Plus', 'Y'),
(7948, 40, 121, 'Laser-5', 'Y'),
(7949, 40, 121, 'Laser-5000', 'Y'),
(7950, 40, 121, 'Laser-5000GN', 'Y'),
(7951, 40, 121, 'Laser-5000N', 'Y'),
(7952, 40, 121, 'Laser-5100', 'Y'),
(7953, 40, 121, 'Laser-5100dtn', 'Y'),
(7954, 40, 121, 'Laser-5100tn', 'Y'),
(7955, 40, 121, 'Laser-5L', 'Y'),
(7956, 40, 121, 'Laser-5LFS', 'Y'),
(7957, 40, 121, 'Laser-5L-Xtra', 'Y'),
(7958, 40, 121, 'Laser-5M', 'Y'),
(7959, 40, 121, 'Laser-5MP', 'Y'),
(7960, 40, 121, 'Laser-5N', 'Y'),
(7961, 40, 121, 'Laser-5P', 'Y'),
(7962, 40, 121, 'Laser-5Se', 'Y'),
(7963, 40, 121, 'Laser-5Si', 'Y'),
(7964, 40, 121, 'Laser-5Si-MX', 'Y'),
(7965, 40, 121, 'Laser-5Si-NX', 'Y'),
(7966, 40, 121, 'Laser-6L', 'Y'),
(7967, 40, 121, 'Laser-6Lse', 'Y'),
(7968, 40, 121, 'Laser-6Lxi', 'Y'),
(7969, 40, 121, 'Laser-6MP', 'Y'),
(7970, 40, 121, 'Laser-6P', 'Y'),
(7971, 40, 121, 'Laser-6Pse', 'Y'),
(7972, 40, 121, 'Laser-6Pxi', 'Y'),
(7973, 40, 121, 'Laser-8000', 'Y'),
(7974, 40, 121, 'Laser-8000DN', 'Y'),
(7975, 40, 121, 'Laser-8000N', 'Y'),
(7976, 40, 121, 'Laser-8100', 'Y'),
(7977, 40, 121, 'Laser-8100DN', 'Y'),
(7978, 40, 121, 'Laser-8100N', 'Y'),
(7979, 40, 121, 'Laser-8150', 'Y'),
(7980, 40, 121, 'Laser-8150dn', 'Y'),
(7981, 40, 121, 'Laser-8150hn', 'Y'),
(7982, 40, 121, 'Laser-8150mfp', 'Y'),
(7983, 40, 121, 'Laser-8150n', 'Y'),
(7984, 40, 121, 'Laser-CP1525NW', 'Y'),
(7985, 40, 121, 'Laser-Enterprise-P3010-Series', 'Y'),
(7986, 40, 121, 'Laser-Enterprise-P3015', 'Y'),
(7987, 40, 121, 'Laser-Enterprise-P3015d', 'Y'),
(7988, 40, 121, 'Laser-Enterprise-P3015dn', 'Y'),
(7989, 40, 121, 'Laser-Enterprise-P3015n', 'Y'),
(7990, 40, 121, 'Laser-Enterprise-P3015x', 'Y'),
(7991, 40, 121, 'Laser-Enterprise-P3016', 'Y'),
(7992, 40, 121, 'Laser-M1005-mfp', 'Y'),
(7993, 40, 121, 'Laser-M1120', 'Y'),
(7994, 40, 121, 'Laser-M1120n', 'Y'),
(7995, 40, 121, 'Laser-M1319f-MFP', 'Y'),
(7996, 40, 121, 'Laser-M1522n', 'Y'),
(7997, 40, 121, 'Laser-M1522nf', 'Y'),
(7998, 40, 121, 'Laser-M2727nf-MFP', 'Y'),
(7999, 40, 121, 'Laser-M3027-mfp', 'Y'),
(8000, 40, 121, 'Laser-M3027x-MFP', 'Y'),
(8001, 40, 121, 'Laser-M3035-mfp', 'Y'),
(8002, 40, 121, 'Laser-M3035xs-MFP', 'Y'),
(8003, 40, 121, 'Laser-M4345-MFP', 'Y'),
(8004, 40, 121, 'Laser-M4345x-MFP', 'Y'),
(8005, 40, 121, 'Laser-M4345xm-MFP', 'Y'),
(8006, 40, 121, 'Laser-M4345xs-MFP', 'Y'),
(8007, 40, 121, 'Laser-P1002', 'Y'),
(8008, 40, 121, 'Laser-P1003', 'Y'),
(8009, 40, 121, 'Laser-P1004', 'Y'),
(8010, 40, 121, 'Laser-P1005', 'Y'),
(8011, 40, 121, 'Laser-P1006', 'Y'),
(8012, 40, 121, 'Laser-P1009', 'Y'),
(8013, 40, 121, 'Laser-P1505', 'Y'),
(8014, 40, 121, 'Laser-P1505n', 'Y'),
(8015, 40, 121, 'Laser-P2010', 'Y'),
(8016, 40, 121, 'Laser-P2014', 'Y'),
(8017, 40, 121, 'Laser-P2015', 'Y'),
(8018, 40, 121, 'Laser-P2015d', 'Y'),
(8019, 40, 121, 'Laser-P2015dn', 'Y'),
(8020, 40, 121, 'Laser-P2015n', 'Y'),
(8021, 40, 121, 'Laser-P2015x', 'Y'),
(8022, 40, 121, 'Laser-P2035', 'Y'),
(8023, 40, 121, 'Laser-P2035n', 'Y'),
(8024, 40, 121, 'Laser-P2050', 'Y'),
(8025, 40, 121, 'Laser-P2055', 'Y'),
(8026, 40, 121, 'Laser-P2055d', 'Y'),
(8027, 40, 121, 'Laser-P2055dn', 'Y'),
(8028, 40, 121, 'Laser-P2055x', 'Y'),
(8029, 40, 121, 'Laser-P3005', 'Y'),
(8030, 40, 121, 'Laser-P3005d', 'Y'),
(8031, 40, 121, 'Laser-P3005dn', 'Y'),
(8032, 40, 121, 'Laser-P3005n', 'Y'),
(8033, 40, 121, 'Laser-P3005x', 'Y'),
(8034, 40, 121, 'Laser-P3016', 'Y'),
(8035, 40, 121, 'Laser-P4014', 'Y'),
(8036, 40, 121, 'Laser-P4014dn', 'Y'),
(8037, 40, 121, 'Laser-P4014n', 'Y'),
(8038, 40, 121, 'Laser-P4015', 'Y'),
(8039, 40, 121, 'Laser-P4015dn', 'Y'),
(8040, 40, 121, 'Laser-P4015n', 'Y'),
(8041, 40, 121, 'Laser-P4015tn', 'Y'),
(8042, 40, 121, 'Laser-P4015x', 'Y'),
(8043, 40, 121, 'Laser-P4515', 'Y'),
(8044, 40, 121, 'Laser-P4515n', 'Y'),
(8045, 40, 121, 'Laser-P4515tn', 'Y'),
(8046, 40, 121, 'Laser-P4515x', 'Y'),
(8047, 40, 121, 'Laser-P4515xm', 'Y'),
(8048, 40, 121, 'Laser-Pro-100-Color-MFP-M175nw', 'Y'),
(8049, 40, 121, 'Laser-Pro-Cm1415', 'Y'),
(8050, 40, 121, 'Laser-Pro-CM1415fnw', 'Y'),
(8051, 40, 121, 'Laser-Pro-CP1025-Color', 'Y'),
(8052, 40, 121, 'Laser-Pro-M1130', 'Y'),
(8053, 40, 121, 'Laser-Pro-M1132-MFP', 'Y'),
(8054, 40, 121, 'Laser-Pro-M1134-MFP', 'Y'),
(8055, 40, 121, 'Laser-Pro-M1136-MFP', 'Y'),
(8056, 40, 121, 'Laser-Pro-M1137', 'Y'),
(8057, 40, 121, 'Laser-Pro-M1138', 'Y'),
(8058, 40, 121, 'Laser-Pro-M1139', 'Y'),
(8059, 40, 121, 'Laser-Pro-M1212f', 'Y'),
(8060, 40, 121, 'Laser-Pro-M1212nf', 'Y'),
(8061, 40, 121, 'Laser-Pro-M1213nf', 'Y'),
(8062, 40, 121, 'Laser-Pro-M1214nfh', 'Y'),
(8063, 40, 121, 'Laser-Pro-M1216nfh', 'Y'),
(8064, 40, 121, 'Laser-Pro-M1217nfw', 'Y'),
(8065, 40, 121, 'Laser-Pro-M1219nf', 'Y'),
(8066, 40, 121, 'Laser-Pro-M1536dnf', 'Y'),
(8067, 40, 121, 'Laser-Pro-P1102', 'Y'),
(8068, 40, 121, 'Laser-Pro-P1102w', 'Y'),
(8069, 40, 121, 'Laser-Pro-P1566', 'Y'),
(8070, 40, 121, 'Laser-Pro-P1606dn', 'Y'),
(8071, 41, 122, 'Color-Laser-3800', 'Y'),
(8072, 41, 122, 'Color-Laser-3800dn', 'Y'),
(8073, 41, 122, 'Color-Laser-3800dtn', 'Y'),
(8074, 41, 122, 'Color-Laser-3800n', 'Y'),
(8075, 41, 122, 'Color-Laser-CP3505', 'Y'),
(8076, 41, 122, 'Color-Laser-CP3505dn', 'Y'),
(8077, 41, 122, 'Color-Laser-CP3505n', 'Y'),
(8078, 41, 122, 'Color-Laser-CP3505x', 'Y'),
(8079, 41, 122, 'InfoPrint-1332', 'Y'),
(8080, 41, 122, 'InfoPrint-1332-Network', 'Y'),
(8081, 42, 123, 'Easyshare-5100', 'Y'),
(8082, 42, 123, 'Easyshare-5300', 'Y'),
(8083, 42, 123, 'Easyshare-5500', 'Y'),
(8084, 42, 123, 'ESP-2150', 'Y'),
(8085, 42, 123, 'ESP-2170', 'Y'),
(8086, 42, 123, 'ESP-3', 'Y'),
(8087, 42, 123, 'ESP-3250', 'Y'),
(8088, 42, 123, 'ESP-5', 'Y'),
(8089, 42, 123, 'ESP-5210', 'Y'),
(8090, 42, 123, 'ESP-5250', 'Y'),
(8091, 42, 123, 'ESP-6150', 'Y'),
(8092, 42, 123, 'ESP-7', 'Y'),
(8093, 42, 123, 'ESP-7250', 'Y'),
(8094, 42, 123, 'ESP-9', 'Y'),
(8095, 42, 123, 'ESP-9250', 'Y'),
(8096, 42, 123, 'ESP-C110', 'Y'),
(8097, 42, 123, 'ESP-C310', 'Y'),
(8098, 42, 123, 'ESP-C315', 'Y'),
(8099, 42, 123, 'Hero-3.1', 'Y'),
(8100, 42, 123, 'Hero-5.1', 'Y'),
(8101, 42, 123, 'Hero-6.1', 'Y'),
(8102, 42, 123, 'Hero-7.1', 'Y'),
(8103, 42, 123, 'Hero-9.1', 'Y'),
(8104, 42, 124, 'InfoPrint-1352', 'Y'),
(8105, 42, 124, 'InfoPrint-1352-Network', 'Y'),
(8106, 42, 124, 'InfoPrint-1372', 'Y'),
(8107, 42, 124, 'InfoPrint-1372-Network', 'Y'),
(8108, 42, 124, 'InfoPrint-1532-Express', 'Y'),
(8109, 42, 124, 'InfoPrint-1552', 'Y'),
(8110, 42, 124, 'InfoPrint-1552n', 'Y'),
(8111, 42, 124, 'InfoPrint-1572', 'Y'),
(8112, 43, 125, '3200', 'Y'),
(8113, 43, 125, '4079', 'Y'),
(8114, 43, 125, '5000', 'Y'),
(8115, 43, 125, '5700', 'Y'),
(8116, 43, 125, '5770', 'Y'),
(8117, 43, 125, '7000', 'Y'),
(8118, 43, 125, '7200', 'Y'),
(8119, 43, 125, '4079-PLUS', 'Y'),
(8120, 43, 125, '7000-Color-JetPrinter', 'Y'),
(8121, 43, 125, '7200-Color-JetPrinter', 'Y'),
(8122, 43, 125, '7200V-Color-JetPrinter', 'Y'),
(8123, 43, 125, 'Colorimage-6000-Wide-Format-Color', 'Y'),
(8124, 43, 125, 'Color-JetPrinter-3200', 'Y'),
(8125, 43, 125, 'Color-JetPrinter-5000', 'Y'),
(8126, 43, 125, 'Color-JetPrinter-5700', 'Y'),
(8127, 43, 125, 'Color-JetPrinter-5770', 'Y'),
(8128, 43, 125, 'Color-JetPrinter-7000', 'Y'),
(8129, 43, 125, 'Color-JetPrinter-7200', 'Y'),
(8130, 43, 125, 'Color-JetPrinter-7200V', 'Y'),
(8131, 43, 125, 'ESP-6150', 'Y'),
(8132, 43, 125, 'ESP-7', 'Y'),
(8133, 43, 125, 'ESP-7250', 'Y'),
(8134, 43, 125, 'ESP-9', 'Y'),
(8135, 43, 125, 'ESP-9250', 'Y'),
(8136, 43, 125, 'EXECJET-4070', 'Y'),
(8137, 43, 125, 'EXECJET-4072', 'Y'),
(8138, 43, 125, 'F4270-MFP', 'Y'),
(8139, 43, 125, 'Hero-6.1', 'Y'),
(8140, 43, 125, 'Hero-7.1', 'Y'),
(8141, 43, 125, 'Hero-9.1', 'Y'),
(8142, 43, 125, 'Home-Copier', 'Y'),
(8143, 43, 125, 'i3', 'Y'),
(8144, 43, 125, 'IJ650', 'Y'),
(8145, 43, 125, 'IJ652', 'Y'),
(8146, 43, 125, 'MJ-4500C-MFP', 'Y'),
(8147, 43, 125, 'Msys-4700-Color-MFP', 'Y'),
(8148, 43, 125, 'Msys-4800-Color-MFP', 'Y'),
(8149, 43, 125, 'Optra-Color-40', 'Y'),
(8150, 43, 125, 'Optra-Color-40n', 'Y'),
(8151, 43, 125, 'Optra-Color-40-n', 'Y'),
(8152, 43, 125, 'Optra-Color-45', 'Y'),
(8153, 43, 125, 'Optra-Color-45n', 'Y'),
(8154, 43, 125, 'Optra-Color-45-n', 'Y'),
(8155, 43, 125, 'P122', 'Y'),
(8156, 43, 125, 'P3120-AIO', 'Y'),
(8157, 43, 125, 'P315', 'Y'),
(8158, 43, 125, 'P350', 'Y'),
(8159, 43, 125, 'P350-Portable-Photo-Printer', 'Y'),
(8160, 43, 125, 'P4330-AIO', 'Y'),
(8161, 43, 125, 'P4350-MFP', 'Y'),
(8162, 43, 125, 'P6250-Photo-Printer', 'Y'),
(8163, 43, 125, 'P6350-AIO', 'Y'),
(8164, 43, 125, 'P706-Photo-JetPrinter', 'Y'),
(8165, 43, 125, 'P707-Photo-JetPrinter', 'Y'),
(8166, 43, 125, 'P915', 'Y'),
(8167, 43, 125, 'P915-Photo-Printer', 'Y'),
(8168, 43, 125, 'Photo-JetPrinter-5770', 'Y'),
(8169, 43, 125, 'Printrio-Photo-P3150', 'Y'),
(8170, 43, 125, 'SCX-1000', 'Y'),
(8171, 43, 125, 'SCX-1000S', 'Y'),
(8172, 43, 125, 'SCX-1100', 'Y'),
(8173, 43, 125, 'SCX-1150F', 'Y'),
(8174, 43, 125, 'SF-3150', 'Y'),
(8175, 43, 125, 'SF-430', 'Y'),
(8176, 43, 125, 'SF-4500C-Color-MFP', 'Y'),
(8177, 43, 125, 'SF-4700', 'Y'),
(8178, 43, 125, 'SF-4750C-MFP', 'Y'),
(8179, 43, 125, 'Smartjet-Color-MFP', 'Y'),
(8180, 43, 125, 'X1110', 'Y'),
(8181, 43, 125, 'X1110-AIO', 'Y'),
(8182, 43, 125, 'X1130', 'Y'),
(8183, 43, 125, 'X1130-Printrio', 'Y'),
(8184, 43, 125, 'X1140', 'Y'),
(8185, 43, 125, 'X1140-MFP', 'Y'),
(8186, 43, 125, 'X1150', 'Y'),
(8187, 43, 125, 'X1150-Printrio-Color-MFP', 'Y'),
(8188, 43, 125, 'X1155', 'Y'),
(8189, 43, 125, 'X1155-AIO', 'Y'),
(8190, 43, 125, 'X1160-AIO', 'Y'),
(8191, 43, 125, 'X1170', 'Y'),
(8192, 43, 125, 'X1170-AIO', 'Y'),
(8193, 43, 125, 'X1180-MFP', 'Y'),
(8194, 43, 125, 'X1185-AIO', 'Y'),
(8195, 43, 125, 'X1190-AIO', 'Y'),
(8196, 43, 125, 'X1195-AIO', 'Y'),
(8197, 43, 125, 'X1240', 'Y'),
(8198, 43, 125, 'X125-Color-MFP', 'Y'),
(8199, 43, 125, 'X1270', 'Y'),
(8200, 43, 125, 'X1270-AIO', 'Y'),
(8201, 43, 125, 'X2230', 'Y'),
(8202, 43, 125, 'X2230-AIO', 'Y'),
(8203, 43, 125, 'X2240', 'Y'),
(8204, 43, 125, 'X2250-AIO', 'Y'),
(8205, 43, 125, 'X2300-Series', 'Y'),
(8206, 43, 125, 'X2310-AIO', 'Y'),
(8207, 43, 125, 'X2330-AIO', 'Y'),
(8208, 43, 125, 'X2350-AIO', 'Y'),
(8209, 43, 125, 'X2450', 'Y'),
(8210, 43, 125, 'X2470', 'Y'),
(8211, 43, 125, 'X2470-AIO', 'Y'),
(8212, 43, 125, 'X2500', 'Y'),
(8213, 43, 125, 'X2530', 'Y'),
(8214, 43, 125, 'X2550', 'Y'),
(8215, 43, 125, 'X2600-AIO', 'Y'),
(8216, 43, 125, 'X2650-AIO', 'Y'),
(8217, 43, 125, 'X2670', 'Y'),
(8218, 43, 125, 'X2690', 'Y'),
(8219, 43, 125, 'X3330-AIO', 'Y'),
(8220, 43, 125, 'X3350-MFP', 'Y'),
(8221, 43, 125, 'X3370-AIO', 'Y'),
(8222, 43, 125, 'X3450', 'Y'),
(8223, 43, 125, 'X3470-AIO', 'Y'),
(8224, 43, 125, 'X3530', 'Y'),
(8225, 43, 125, 'X3550', 'Y'),
(8226, 43, 125, 'X3650', 'Y'),
(8227, 43, 125, 'X4250-AIO', 'Y'),
(8228, 43, 125, 'X4270-AIO', 'Y'),
(8229, 43, 125, 'X4530', 'Y'),
(8230, 43, 125, 'X4550', 'Y'),
(8231, 43, 125, 'X4650', 'Y'),
(8232, 43, 125, 'X4850', 'Y'),
(8233, 43, 125, 'X4875', 'Y'),
(8234, 43, 125, 'X4950', 'Y'),
(8235, 43, 125, 'X4975-AIO', 'Y'),
(8236, 43, 125, 'X5070', 'Y'),
(8237, 43, 125, 'X5075', 'Y'),
(8238, 43, 125, 'X5100-Series', 'Y'),
(8239, 43, 125, 'X5130-AIO', 'Y'),
(8240, 43, 125, 'X5150-MFP', 'Y'),
(8241, 43, 125, 'X5190-AIO', 'Y'),
(8242, 43, 125, 'X5250-MFP', 'Y'),
(8243, 43, 125, 'X5270AIO', 'Y'),
(8244, 43, 125, 'X5270-AIO', 'Y'),
(8245, 43, 125, 'X5320', 'Y'),
(8246, 43, 125, 'X5340', 'Y'),
(8247, 43, 125, 'X5370', 'Y'),
(8248, 43, 125, 'X5410', 'Y'),
(8249, 43, 125, 'X5450', 'Y'),
(8250, 43, 125, 'X5470', 'Y'),
(8251, 43, 125, 'X5495', 'Y'),
(8252, 43, 125, 'X5650', 'Y'),
(8253, 43, 125, 'X6100-Series-Color-MFP', 'Y'),
(8254, 43, 125, 'X6150-Color-MFP', 'Y'),
(8255, 43, 125, 'X6170-Color-MFP', 'Y'),
(8256, 43, 125, 'X6180', 'Y'),
(8257, 43, 125, 'X6190Pro-Color-MFP', 'Y'),
(8258, 43, 125, 'X63', 'Y'),
(8259, 43, 125, 'X63-Color-MFP', 'Y'),
(8260, 43, 125, 'X65', 'Y'),
(8261, 43, 125, 'X6570', 'Y'),
(8262, 43, 125, 'X6575', 'Y'),
(8263, 43, 125, 'X6650', 'Y'),
(8264, 43, 125, 'X6675AIO', 'Y'),
(8265, 43, 125, 'X6675-AIO', 'Y'),
(8266, 43, 125, 'X7170-MFP-Photo-Printer', 'Y'),
(8267, 43, 125, 'X7300-Series', 'Y'),
(8268, 43, 125, 'X7350', 'Y'),
(8269, 43, 125, 'X73-Color-MFP', 'Y'),
(8270, 43, 125, 'X74-Printrio', 'Y'),
(8271, 43, 125, 'X7550', 'Y'),
(8272, 43, 125, 'X75-Printrio-Colo-MFP', 'Y'),
(8273, 43, 125, 'X75-Printrio-Color-MFP', 'Y'),
(8274, 43, 125, 'X7675-AIO', 'Y'),
(8275, 43, 125, 'X83', 'Y'),
(8276, 43, 125, 'X8350-Photo-Printer', 'Y'),
(8277, 43, 125, 'X83-Color-MFP', 'Y'),
(8278, 43, 125, 'X84-AIO', 'Y'),
(8279, 43, 125, 'X85-AIO', 'Y'),
(8280, 43, 125, 'X9350', 'Y'),
(8281, 43, 125, 'X9570', 'Y'),
(8282, 43, 125, 'X9575', 'Y'),
(8283, 43, 125, 'Z11', 'Y'),
(8284, 43, 125, 'Z11-Color-JetPrinter', 'Y'),
(8285, 43, 125, 'Z12', 'Y'),
(8286, 43, 125, 'Z12-Color-JetPrinter', 'Y'),
(8287, 43, 125, 'Z13', 'Y'),
(8288, 43, 125, 'Z1300', 'Y'),
(8289, 43, 125, 'Z1310', 'Y'),
(8290, 43, 125, 'Z1320', 'Y'),
(8291, 43, 125, 'Z13-Color-JetPrinter', 'Y'),
(8292, 43, 125, 'Z1410', 'Y'),
(8293, 43, 125, 'Z1420', 'Y'),
(8294, 43, 125, 'Z1520', 'Y'),
(8295, 43, 125, 'Z22', 'Y'),
(8296, 43, 125, 'Z22-Color-JetPrinter', 'Y'),
(8297, 43, 125, 'Z23', 'Y'),
(8298, 43, 125, 'Z2300', 'Y'),
(8299, 43, 125, 'Z2320', 'Y'),
(8300, 43, 125, 'Z2390', 'Y'),
(8301, 43, 125, 'Z23-Color-JetPrinter', 'Y'),
(8302, 43, 125, 'Z23e-Color-JetPrinter', 'Y'),
(8303, 43, 125, 'Z2420', 'Y'),
(8304, 43, 125, 'Z2490-WiFi', 'Y'),
(8305, 43, 125, 'Z24-Color-JetPrinter', 'Y'),
(8306, 43, 125, 'Z25', 'Y'),
(8307, 43, 125, 'Z25-Color-JetPrinter', 'Y'),
(8308, 43, 125, 'Z25L-Color-JetPrinter', 'Y'),
(8309, 43, 125, 'Z31', 'Y'),
(8310, 43, 125, 'Z31-Color-JetPrinter', 'Y'),
(8311, 43, 125, 'Z32', 'Y'),
(8312, 43, 125, 'Z32-Color-JetPrinter', 'Y'),
(8313, 43, 125, 'Z33', 'Y'),
(8314, 43, 125, 'Z33-Color-JetPrinter', 'Y'),
(8315, 43, 125, 'Z34-Color-JetPrinter', 'Y'),
(8316, 43, 125, 'Z35', 'Y'),
(8317, 43, 125, 'Z35-Color-JetPrinter', 'Y'),
(8318, 43, 125, 'Z41-Color-JetPrinter', 'Y'),
(8319, 43, 125, 'Z42', 'Y'),
(8320, 43, 125, 'Z42-Color-JetPrinter', 'Y'),
(8321, 43, 125, 'Z43-Color-JetPrinter', 'Y'),
(8322, 43, 125, 'Z45-Color-JetPrinter', 'Y'),
(8323, 43, 125, 'Z51', 'Y'),
(8324, 43, 125, 'Z515', 'Y'),
(8325, 43, 125, 'Z515-Color-JetPrinter', 'Y'),
(8326, 43, 125, 'Z517', 'Y'),
(8327, 43, 125, 'Z51-Color-JetPrinter', 'Y'),
(8328, 43, 125, 'Z52', 'Y'),
(8329, 43, 125, 'Z52-Color-JetPrinter', 'Y'),
(8330, 43, 125, 'Z53', 'Y'),
(8331, 43, 125, 'Z53-Color-JetPrinter', 'Y'),
(8332, 43, 125, 'Z54-Color-JetPrinter', 'Y'),
(8333, 43, 125, 'Z55', 'Y'),
(8334, 43, 125, 'Z55-Color-JetPrinter', 'Y'),
(8335, 43, 125, 'Z600-Color-JetPrinter', 'Y'),
(8336, 43, 125, 'Z601-Color-JetPrinter', 'Y'),
(8337, 43, 125, 'Z603-Color-JetPrinter', 'Y'),
(8338, 43, 125, 'Z605', 'Y'),
(8339, 43, 125, 'Z605-Color-JetPrinter', 'Y'),
(8340, 43, 125, 'Z611', 'Y'),
(8341, 43, 125, 'Z615', 'Y'),
(8342, 43, 125, 'Z615-Color-JetPrinter', 'Y'),
(8343, 43, 125, 'Z617', 'Y'),
(8344, 43, 125, 'Z645', 'Y'),
(8345, 43, 125, 'Z65', 'Y'),
(8346, 43, 125, 'Z65-Color-JetPrinter', 'Y'),
(8347, 43, 125, 'Z65n-Color-JetPrinter', 'Y'),
(8348, 43, 125, 'Z703-Photo-JetPrinter', 'Y'),
(8349, 43, 125, 'Z705', 'Y'),
(8350, 43, 125, 'Z705-Photo-JetPrinter', 'Y'),
(8351, 43, 125, 'Z710-Photo-Printer', 'Y'),
(8352, 43, 125, 'Z715', 'Y'),
(8353, 43, 125, 'Z730', 'Y'),
(8354, 43, 125, 'Z735', 'Y'),
(8355, 43, 125, 'Z815-Color-JetPrinter', 'Y'),
(8356, 43, 125, 'Z816', 'Y'),
(8357, 43, 125, 'Z816-Color-JetPrinter', 'Y'),
(8358, 43, 125, 'Z82-SPC-Color-JetPrinter', 'Y'),
(8359, 43, 125, 'Z845', 'Y'),
(8360, 43, 126, '3912', 'Y'),
(8361, 43, 126, '3916', 'Y'),
(8362, 43, 126, '4019', 'Y'),
(8363, 43, 126, '4028', 'Y'),
(8364, 43, 126, '4029', 'Y'),
(8365, 43, 126, '4035', 'Y'),
(8366, 43, 126, '4039', 'Y'),
(8367, 43, 126, '4049', 'Y'),
(8368, 43, 126, '4059', 'Y'),
(8369, 43, 126, '4069', 'Y'),
(8370, 43, 126, '3112-MODEL1', 'Y'),
(8371, 43, 126, '3116-MODELS1-2-3', 'Y'),
(8372, 43, 126, '4039-10R', 'Y'),
(8373, 43, 126, '4039-12L', 'Y'),
(8374, 43, 126, '4039-12L+', 'Y'),
(8375, 43, 126, '4039-12R', 'Y'),
(8376, 43, 126, '4039-12R+', 'Y'),
(8377, 43, 126, '4049-10+', 'Y'),
(8378, 43, 126, 'C500', 'Y'),
(8379, 43, 126, 'C500N', 'Y'),
(8380, 43, 126, 'C510', 'Y'),
(8381, 43, 126, 'C510N', 'Y'),
(8382, 43, 126, 'C520N', 'Y'),
(8383, 43, 126, 'C522', 'Y'),
(8384, 43, 126, 'C522N', 'Y'),
(8385, 43, 126, 'C524', 'Y'),
(8386, 43, 126, 'C524DN', 'Y'),
(8387, 43, 126, 'C524DTN', 'Y'),
(8388, 43, 126, 'C524N', 'Y'),
(8389, 43, 126, 'C530DN', 'Y'),
(8390, 43, 126, 'C532DN', 'Y'),
(8391, 43, 126, 'C532N', 'Y'),
(8392, 43, 126, 'C534DN', 'Y'),
(8393, 43, 126, 'C534DTN', 'Y'),
(8394, 43, 126, 'C534N', 'Y'),
(8395, 43, 126, 'C540N', 'Y'),
(8396, 43, 126, 'C543DN', 'Y'),
(8397, 43, 126, 'C544DN', 'Y'),
(8398, 43, 126, 'C544DTN', 'Y'),
(8399, 43, 126, 'C544DW', 'Y'),
(8400, 43, 126, 'C544N', 'Y'),
(8401, 43, 126, 'C546DTN', 'Y'),
(8402, 43, 126, 'C720', 'Y'),
(8403, 43, 126, 'C720DN', 'Y'),
(8404, 43, 126, 'C720N', 'Y'),
(8405, 43, 126, 'C734DN', 'Y'),
(8406, 43, 126, 'C734DTN', 'Y'),
(8407, 43, 126, 'C734DW', 'Y'),
(8408, 43, 126, 'C734N', 'Y'),
(8409, 43, 126, 'C736DN', 'Y'),
(8410, 43, 126, 'C736DTN', 'Y'),
(8411, 43, 126, 'C736N', 'Y'),
(8412, 43, 126, 'C750', 'Y'),
(8413, 43, 126, 'C752', 'Y'),
(8414, 43, 126, 'C752DN', 'Y'),
(8415, 43, 126, 'C752DTN', 'Y'),
(8416, 43, 126, 'C752L', 'Y'),
(8417, 43, 126, 'C752N', 'Y'),
(8418, 43, 126, 'C760', 'Y'),
(8419, 43, 126, 'C762', 'Y'),
(8420, 43, 126, 'C762DN', 'Y'),
(8421, 43, 126, 'C762DTN', 'Y'),
(8422, 43, 126, 'C762N', 'Y'),
(8423, 43, 126, 'C770N', 'Y'),
(8424, 43, 126, 'C772N', 'Y'),
(8425, 43, 126, 'C780DN', 'Y'),
(8426, 43, 126, 'C780DTN', 'Y'),
(8427, 43, 126, 'C780N', 'Y'),
(8428, 43, 126, 'C782DN', 'Y'),
(8429, 43, 126, 'C782DNXL', 'Y'),
(8430, 43, 126, 'C782DTN', 'Y'),
(8431, 43, 126, 'C782DTNXL', 'Y'),
(8432, 43, 126, 'C782N', 'Y'),
(8433, 43, 126, 'C782NXL', 'Y'),
(8434, 43, 126, 'C910', 'Y'),
(8435, 43, 126, 'C912', 'Y'),
(8436, 43, 126, 'C920', 'Y'),
(8437, 43, 126, 'C935', 'Y'),
(8438, 43, 126, 'Clinical-Assistant-MFP', 'Y'),
(8439, 43, 126, 'E120N', 'Y'),
(8440, 43, 126, 'E210', 'Y'),
(8441, 43, 126, 'E220', 'Y'),
(8442, 43, 126, 'E230', 'Y'),
(8443, 43, 126, 'E232', 'Y'),
(8444, 43, 126, 'E232T', 'Y'),
(8445, 43, 126, 'E234', 'Y'),
(8446, 43, 126, 'E238', 'Y'),
(8447, 43, 126, 'E240', 'Y'),
(8448, 43, 126, 'E240N', 'Y'),
(8449, 43, 126, 'E240T', 'Y'),
(8450, 43, 126, 'E250', 'Y'),
(8451, 43, 126, 'E250D', 'Y');
INSERT INTO `printer_models` (`model_id`, `man_id`, `type_id`, `model_text`, `avaiability`) VALUES
(8452, 43, 126, 'E250DN', 'Y'),
(8453, 43, 126, 'E260D', 'Y'),
(8454, 43, 126, 'E260DN', 'Y'),
(8455, 43, 126, 'E320', 'Y'),
(8456, 43, 126, 'E321', 'Y'),
(8457, 43, 126, 'E322', 'Y'),
(8458, 43, 126, 'E323', 'Y'),
(8459, 43, 126, 'E323N', 'Y'),
(8460, 43, 126, 'E330', 'Y'),
(8461, 43, 126, 'E332', 'Y'),
(8462, 43, 126, 'E332N', 'Y'),
(8463, 43, 126, 'E332TN', 'Y'),
(8464, 43, 126, 'E340', 'Y'),
(8465, 43, 126, 'E342N', 'Y'),
(8466, 43, 126, 'E350D', 'Y'),
(8467, 43, 126, 'E352DN', 'Y'),
(8468, 43, 126, 'E360D', 'Y'),
(8469, 43, 126, 'E360DN', 'Y'),
(8470, 43, 126, 'E450', 'Y'),
(8471, 43, 126, 'E450DN', 'Y'),
(8472, 43, 126, 'E460d', 'Y'),
(8473, 43, 126, 'E460DN', 'Y'),
(8474, 43, 126, 'E460DW', 'Y'),
(8475, 43, 126, 'E462DTN', 'Y'),
(8476, 43, 126, 'Education-Station', 'Y'),
(8477, 43, 126, 'e-STUDIO-350P', 'Y'),
(8478, 43, 126, 'Legal-Partner-MFP', 'Y'),
(8479, 43, 126, 'OPTRA-C710', 'Y'),
(8480, 43, 126, 'OPTRA-COLOR-1200', 'Y'),
(8481, 43, 126, 'OPTRA-E', 'Y'),
(8482, 43, 126, 'OPTRA-E+', 'Y'),
(8483, 43, 126, 'OPTRA-E310', 'Y'),
(8484, 43, 126, 'OPTRA-E312', 'Y'),
(8485, 43, 126, 'OPTRA-E312L', 'Y'),
(8486, 43, 126, 'OPTRA-E4026', 'Y'),
(8487, 43, 126, 'OPTRA-EP', 'Y'),
(8488, 43, 126, 'OPTRA-K', 'Y'),
(8489, 43, 126, 'OPTRA-K1220', 'Y'),
(8490, 43, 126, 'OPTRA-L', 'Y'),
(8491, 43, 126, 'OPTRA-LX', 'Y'),
(8492, 43, 126, 'OPTRA-LXI', 'Y'),
(8493, 43, 126, 'OPTRA-M410', 'Y'),
(8494, 43, 126, 'OPTRA-M412', 'Y'),
(8495, 43, 126, 'OPTRA-N', 'Y'),
(8496, 43, 126, 'OPTRA-PLUS', 'Y'),
(8497, 43, 126, 'OPTRA-RX', 'Y'),
(8498, 43, 126, 'OPTRA-S1250', 'Y'),
(8499, 43, 126, 'OPTRA-S1620', 'Y'),
(8500, 43, 126, 'OPTRA-S1650', 'Y'),
(8501, 43, 126, 'OPTRA-S1855', 'Y'),
(8502, 43, 126, 'OPTRA-S2420', 'Y'),
(8503, 43, 126, 'OPTRA-S2450', 'Y'),
(8504, 43, 126, 'OPTRA-SC1275', 'Y'),
(8505, 43, 126, 'OPTRA-SE', 'Y'),
(8506, 43, 126, 'OPTRA-SE3455', 'Y'),
(8507, 43, 126, 'OPTRA-T', 'Y'),
(8508, 43, 126, 'OPTRA-T610', 'Y'),
(8509, 43, 126, 'OPTRA-T612', 'Y'),
(8510, 43, 126, 'OPTRA-T614', 'Y'),
(8511, 43, 126, 'OPTRA-T616', 'Y'),
(8512, 43, 126, 'OPTRA-W810', 'Y'),
(8513, 43, 126, 'OPTRA-W812', 'Y'),
(8514, 43, 126, 'OPTRA-W820', 'Y'),
(8515, 43, 126, 'OPTRA-W840', 'Y'),
(8516, 43, 126, 'T420D', 'Y'),
(8517, 43, 126, 'T420DN', 'Y'),
(8518, 43, 126, 'T430', 'Y'),
(8519, 43, 126, 'T520', 'Y'),
(8520, 43, 126, 'T522', 'Y'),
(8521, 43, 126, 'T620', 'Y'),
(8522, 43, 126, 'T620dn', 'Y'),
(8523, 43, 126, 'T620n', 'Y'),
(8524, 43, 126, 'T622', 'Y'),
(8525, 43, 126, 'T622dn', 'Y'),
(8526, 43, 126, 'T622in', 'Y'),
(8527, 43, 126, 'T622n', 'Y'),
(8528, 43, 126, 'T630', 'Y'),
(8529, 43, 126, 'T630DN', 'Y'),
(8530, 43, 126, 'T630N', 'Y'),
(8531, 43, 126, 'T632', 'Y'),
(8532, 43, 126, 'T632dtn', 'Y'),
(8533, 43, 126, 'T632dtnf', 'Y'),
(8534, 43, 126, 'T632n', 'Y'),
(8535, 43, 126, 'T632tn', 'Y'),
(8536, 43, 126, 'T634', 'Y'),
(8537, 43, 126, 'T634dtn', 'Y'),
(8538, 43, 126, 'T634dtnf', 'Y'),
(8539, 43, 126, 'T634n', 'Y'),
(8540, 43, 126, 'T634tn', 'Y'),
(8541, 43, 126, 'T640', 'Y'),
(8542, 43, 126, 'T640dn', 'Y'),
(8543, 43, 126, 'T640dtn', 'Y'),
(8544, 43, 126, 'T640N', 'Y'),
(8545, 43, 126, 'T640tn', 'Y'),
(8546, 43, 126, 'T642', 'Y'),
(8547, 43, 126, 'T642dn', 'Y'),
(8548, 43, 126, 'T642dtn', 'Y'),
(8549, 43, 126, 'T642n', 'Y'),
(8550, 43, 126, 'T642tn', 'Y'),
(8551, 43, 126, 'T644', 'Y'),
(8552, 43, 126, 'T644DN', 'Y'),
(8553, 43, 126, 'T644dtn', 'Y'),
(8554, 43, 126, 'T644N', 'Y'),
(8555, 43, 126, 'T644tn', 'Y'),
(8556, 43, 126, 'T650DN', 'Y'),
(8557, 43, 126, 'T650DTN', 'Y'),
(8558, 43, 126, 'T650N', 'Y'),
(8559, 43, 126, 'T652DN', 'Y'),
(8560, 43, 126, 'T652DTN', 'Y'),
(8561, 43, 126, 'T652N', 'Y'),
(8562, 43, 126, 'T654DN', 'Y'),
(8563, 43, 126, 'T654DTN', 'Y'),
(8564, 43, 126, 'T654N', 'Y'),
(8565, 43, 126, 'T656dne', 'Y'),
(8566, 43, 126, 'TS654dn', 'Y'),
(8567, 43, 126, 'TS656dne', 'Y'),
(8568, 43, 126, 'W850DN', 'Y'),
(8569, 43, 126, 'W850N', 'Y'),
(8570, 43, 126, 'WINWRITER-600', 'Y'),
(8571, 43, 126, 'X264dn', 'Y'),
(8572, 43, 126, 'X363dn', 'Y'),
(8573, 43, 126, 'X364dn', 'Y'),
(8574, 43, 126, 'X364dw', 'Y'),
(8575, 43, 126, 'X463de', 'Y'),
(8576, 43, 126, 'X464de', 'Y'),
(8577, 43, 126, 'X466de', 'Y'),
(8578, 43, 126, 'X466dte', 'Y'),
(8579, 43, 126, 'X466dwe', 'Y'),
(8580, 43, 126, 'X630-MFP', 'Y'),
(8581, 43, 126, 'X632e-MFP', 'Y'),
(8582, 43, 126, 'X632-MFP', 'Y'),
(8583, 43, 126, 'X632s-MFP', 'Y'),
(8584, 43, 126, 'X634dte-MFP', 'Y'),
(8585, 43, 126, 'X634e-MFP', 'Y'),
(8586, 43, 126, 'X642e-MFP', 'Y'),
(8587, 43, 126, 'X644ef-MFP', 'Y'),
(8588, 43, 126, 'X644e-MFP', 'Y'),
(8589, 43, 126, 'X646dte-MFP', 'Y'),
(8590, 43, 126, 'X646ef-MFP', 'Y'),
(8591, 43, 126, 'X646e-MFP', 'Y'),
(8592, 43, 126, 'X651de-MFP', 'Y'),
(8593, 43, 126, 'X652de-MFP', 'Y'),
(8594, 43, 126, 'X654de-MFP', 'Y'),
(8595, 43, 126, 'X656de-MFP', 'Y'),
(8596, 43, 126, 'X656dte-MFP', 'Y'),
(8597, 43, 126, 'X658de-MFP', 'Y'),
(8598, 43, 126, 'X658dfe-MFP', 'Y'),
(8599, 43, 126, 'X658dme-MFP', 'Y'),
(8600, 43, 126, 'X658dte-MFP', 'Y'),
(8601, 43, 126, 'X658dtfe-MFP', 'Y'),
(8602, 43, 126, 'X658dtme-MFP', 'Y'),
(8603, 43, 126, 'XS-651de-MFP', 'Y'),
(8604, 43, 126, 'XS-654-MFP', 'Y'),
(8605, 43, 126, 'XS-658dme-MFP', 'Y'),
(8606, 43, 127, 'P4350', 'Y'),
(8607, 43, 127, 'P6250', 'Y'),
(8608, 43, 127, 'PRO205', 'Y'),
(8609, 43, 127, 'PRO705', 'Y'),
(8610, 43, 127, 'PRO805', 'Y'),
(8611, 43, 127, 'PRO905', 'Y'),
(8612, 43, 127, 'X1185', 'Y'),
(8613, 43, 127, 'X203N', 'Y'),
(8614, 43, 127, 'X204N', 'Y'),
(8615, 43, 127, 'X215MFP', 'Y'),
(8616, 43, 127, 'X2250', 'Y'),
(8617, 43, 127, 'X2350', 'Y'),
(8618, 43, 127, 'X2500', 'Y'),
(8619, 43, 127, 'X2530', 'Y'),
(8620, 43, 127, 'X2550', 'Y'),
(8621, 43, 127, 'X2600', 'Y'),
(8622, 43, 127, 'X264DN', 'Y'),
(8623, 43, 127, 'X2650', 'Y'),
(8624, 43, 127, 'X3350', 'Y'),
(8625, 43, 127, 'X340N', 'Y'),
(8626, 43, 127, 'X342N', 'Y'),
(8627, 43, 127, 'X3470', 'Y'),
(8628, 43, 127, 'X3530', 'Y'),
(8629, 43, 127, 'X3550', 'Y'),
(8630, 43, 127, 'X363DN', 'Y'),
(8631, 43, 127, 'X364DN', 'Y'),
(8632, 43, 127, 'X364DW', 'Y'),
(8633, 43, 127, 'X3650', 'Y'),
(8634, 43, 127, 'X422', 'Y'),
(8635, 43, 127, 'X4250', 'Y'),
(8636, 43, 127, 'X4270', 'Y'),
(8637, 43, 127, 'X4530', 'Y'),
(8638, 43, 127, 'X4550', 'Y'),
(8639, 43, 127, 'X463', 'Y'),
(8640, 43, 127, 'X464', 'Y'),
(8641, 43, 127, 'X4650', 'Y'),
(8642, 43, 127, 'X466', 'Y'),
(8643, 43, 127, 'X4850', 'Y'),
(8644, 43, 127, 'X4875', 'Y'),
(8645, 43, 127, 'X5070', 'Y'),
(8646, 43, 127, 'X5150', 'Y'),
(8647, 43, 127, 'X5250', 'Y'),
(8648, 43, 127, 'X5270', 'Y'),
(8649, 43, 127, 'X5340', 'Y'),
(8650, 43, 127, 'X543DN', 'Y'),
(8651, 43, 127, 'X544DN', 'Y'),
(8652, 43, 127, 'X544DTN', 'Y'),
(8653, 43, 127, 'X544DW', 'Y'),
(8654, 43, 127, 'X544N', 'Y'),
(8655, 43, 127, 'X546DTN', 'Y'),
(8656, 43, 127, 'X5495', 'Y'),
(8657, 43, 127, 'X560N', 'Y'),
(8658, 43, 127, 'X6150', 'Y'),
(8659, 43, 127, 'X6170', 'Y'),
(8660, 43, 127, 'X642E', 'Y'),
(8661, 43, 127, 'X644E', 'Y'),
(8662, 43, 127, 'X646E', 'Y'),
(8663, 43, 127, 'X651', 'Y'),
(8664, 43, 127, 'X652', 'Y'),
(8665, 43, 127, 'X654', 'Y'),
(8666, 43, 127, 'X656', 'Y'),
(8667, 43, 127, 'X6570', 'Y'),
(8668, 43, 127, 'X6575', 'Y'),
(8669, 43, 127, 'X658', 'Y'),
(8670, 43, 127, 'X7170', 'Y'),
(8671, 43, 127, 'X720', 'Y'),
(8672, 43, 127, 'X734DE', 'Y'),
(8673, 43, 127, 'X736DE', 'Y'),
(8674, 43, 127, 'X738DE', 'Y'),
(8675, 43, 127, 'X738DTE', 'Y'),
(8676, 43, 127, 'X74', 'Y'),
(8677, 43, 127, 'X75', 'Y'),
(8678, 43, 127, 'X7550', 'Y'),
(8679, 43, 127, 'X782E', 'Y'),
(8680, 43, 127, 'X782EXL', 'Y'),
(8681, 43, 127, 'X830E', 'Y'),
(8682, 43, 127, 'X832E', 'Y'),
(8683, 43, 127, 'X8350', 'Y'),
(8684, 43, 127, 'X850E', 'Y'),
(8685, 43, 127, 'X852E', 'Y'),
(8686, 43, 127, 'X854E', 'Y'),
(8687, 43, 127, 'X860DE', 'Y'),
(8688, 43, 127, 'X860E', 'Y'),
(8689, 43, 127, 'X862DTE', 'Y'),
(8690, 43, 127, 'X862E', 'Y'),
(8691, 43, 127, 'X864DHE', 'Y'),
(8692, 43, 127, 'X864E', 'Y'),
(8693, 43, 127, 'X9350', 'Y'),
(8694, 43, 127, 'X940E', 'Y'),
(8695, 43, 127, 'X945E', 'Y'),
(8696, 43, 127, 'X9575', 'Y'),
(8697, 44, 128, 'B4400', 'Y'),
(8698, 44, 128, 'B4400n', 'Y'),
(8699, 44, 128, 'B4550', 'Y'),
(8700, 44, 128, 'B4550n', 'Y'),
(8701, 44, 128, 'B4600', 'Y'),
(8702, 44, 128, 'B4600n', 'Y'),
(8703, 44, 128, 'B4600n-PS', 'Y'),
(8704, 44, 128, 'B6300dn', 'Y'),
(8705, 44, 128, 'B6300n', 'Y'),
(8706, 44, 128, 'B6300nMX', 'Y'),
(8707, 44, 128, 'X658dfe-MFP', 'Y'),
(8708, 44, 128, 'X658dme-MFP', 'Y'),
(8709, 44, 128, 'X658dte-MFP', 'Y'),
(8710, 44, 128, 'X658dtfe-MFP', 'Y'),
(8711, 44, 128, 'X658dtme-MFP', 'Y'),
(8712, 44, 128, 'XS-651de-MFP', 'Y'),
(8713, 44, 128, 'XS-654-MFP', 'Y'),
(8714, 44, 128, 'XS-658dme-MFP', 'Y'),
(8715, 45, 129, 'B4600n', 'Y'),
(8716, 45, 129, 'B4600n-PS', 'Y'),
(8717, 45, 129, 'B6300dn', 'Y'),
(8718, 45, 129, 'B6300n', 'Y'),
(8719, 45, 129, 'B6300nMX', 'Y'),
(8720, 45, 129, 'KX-FL511', 'Y'),
(8721, 45, 129, 'KX-FL541', 'Y'),
(8722, 45, 129, 'KX-FL611', 'Y'),
(8723, 45, 129, 'KX-FLM651', 'Y'),
(8724, 45, 129, 'KX-FLM661', 'Y'),
(8725, 45, 129, 'KX-FLM671', 'Y'),
(8726, 45, 129, 'KX-MB271-MFP', 'Y'),
(8727, 45, 129, 'KX-MB781-MFP', 'Y'),
(8728, 45, 130, 'Panafax-KX-F1000', 'Y'),
(8729, 45, 130, 'Panafax-KX-F1006', 'Y'),
(8730, 45, 130, 'Panafax-KX-F1020', 'Y'),
(8731, 45, 130, 'Panafax-KX-F1050', 'Y'),
(8732, 45, 130, 'Panafax-KX-F1070', 'Y'),
(8733, 45, 130, 'Panafax-KX-F1100', 'Y'),
(8734, 45, 130, 'Panafax-KX-F1150', 'Y'),
(8735, 45, 130, 'Panafax-KX-F1200', 'Y'),
(8736, 45, 130, 'Panafax-KX-F929', 'Y'),
(8737, 45, 130, 'Panafax-KX-FB421', 'Y'),
(8738, 45, 130, 'Panafax-KX-FM205', 'Y'),
(8739, 45, 130, 'Panafax-KX-FM210', 'Y'),
(8740, 45, 130, 'Panafax-KX-FM215', 'Y'),
(8741, 45, 130, 'Panafax-KX-FM220', 'Y'),
(8742, 45, 130, 'Panafax-KX-FM230', 'Y'),
(8743, 45, 130, 'Panafax-KX-FM255', 'Y'),
(8744, 45, 130, 'Panafax-KX-FM260', 'Y'),
(8745, 45, 130, 'Panafax-KX-FM280', 'Y'),
(8746, 45, 130, 'Panafax-KX-FMC230', 'Y'),
(8747, 45, 130, 'Panafax-KX-FP195', 'Y'),
(8748, 45, 130, 'Panafax-KX-FP200', 'Y'),
(8749, 45, 130, 'Panafax-KX-FP245', 'Y'),
(8750, 45, 130, 'Panafax-KX-FP250', 'Y'),
(8751, 45, 130, 'Panafax-KX-FP265', 'Y'),
(8752, 45, 130, 'Panafax-KX-FP270', 'Y'),
(8753, 46, 131, 'Bond-Cash-Paper', 'Y'),
(8754, 46, 131, 'Thermal-Paper', 'Y'),
(8755, 46, 132, 'Thermal-Fax-Paper', 'Y'),
(8756, 46, 133, 'KX-FL511', 'Y'),
(8757, 46, 133, 'KX-FL541', 'Y'),
(8758, 46, 133, 'KX-FL611', 'Y'),
(8759, 46, 133, 'KX-FLM651', 'Y'),
(8760, 46, 133, 'KX-FLM661', 'Y'),
(8761, 46, 133, 'KX-FLM671', 'Y'),
(8762, 46, 134, 'KX-FB421', 'Y'),
(8763, 46, 134, 'Panafax-KX-FP270', 'Y'),
(8764, 47, 135, 'Thermal-Paper', 'Y'),
(8765, 48, 136, 'Thermal-Paper', 'Y'),
(8766, 48, 137, 'FT2012', 'Y'),
(8767, 48, 137, 'FT2212', 'Y'),
(8768, 48, 137, 'FT3013', 'Y'),
(8769, 48, 137, 'FT3020', 'Y'),
(8770, 48, 137, 'FT3050', 'Y'),
(8771, 48, 137, 'FT3060', 'Y'),
(8772, 48, 137, 'FT3113', 'Y'),
(8773, 48, 137, 'FT3213', 'Y'),
(8774, 48, 137, 'FT3313', 'Y'),
(8775, 48, 137, 'FT3513', 'Y'),
(8776, 48, 137, 'FT3713', 'Y'),
(8777, 48, 137, 'FT3813', 'Y'),
(8778, 48, 137, 'FT4015', 'Y'),
(8779, 48, 137, 'FT4022', 'Y'),
(8780, 48, 137, 'FT4027', 'Y'),
(8781, 48, 137, 'FT4030', 'Y'),
(8782, 48, 137, 'FT4060', 'Y'),
(8783, 48, 137, 'FT4065', 'Y'),
(8784, 48, 137, 'FT4085', 'Y'),
(8785, 48, 137, 'FT4215', 'Y'),
(8786, 48, 137, 'FT4220', 'Y'),
(8787, 48, 137, 'FT4222', 'Y'),
(8788, 48, 137, 'FT4400', 'Y'),
(8789, 48, 137, 'FT4410', 'Y'),
(8790, 48, 137, 'FT4414', 'Y'),
(8791, 48, 137, 'FT4415', 'Y'),
(8792, 48, 137, 'FT4418', 'Y'),
(8793, 48, 137, 'FT4420', 'Y'),
(8794, 48, 137, 'FT4421', 'Y'),
(8795, 48, 137, 'FT4427', 'Y'),
(8796, 48, 137, 'FT4430', 'Y'),
(8797, 48, 137, 'FT4460', 'Y'),
(8798, 48, 137, 'FT4480', 'Y'),
(8799, 48, 137, 'FT4490', 'Y'),
(8800, 48, 137, 'FT4522', 'Y'),
(8801, 48, 137, 'FT4527', 'Y'),
(8802, 48, 137, 'FT4622', 'Y'),
(8803, 48, 137, 'FT4727', 'Y'),
(8804, 48, 137, 'FT4822', 'Y'),
(8805, 48, 137, 'FT5010', 'Y'),
(8806, 48, 137, 'FT5035', 'Y'),
(8807, 48, 137, 'FT5433', 'Y'),
(8808, 48, 137, 'FT5520', 'Y'),
(8809, 48, 137, 'FT5535', 'Y'),
(8810, 48, 137, 'FT5560', 'Y'),
(8811, 48, 137, 'FT5632', 'Y'),
(8812, 48, 137, 'FT5733', 'Y'),
(8813, 48, 137, 'FT5832', 'Y'),
(8814, 48, 137, 'FT5840', 'Y'),
(8815, 48, 137, 'FT7650', 'Y'),
(8816, 48, 137, 'FT7660', 'Y'),
(8817, 48, 137, 'FT7670', 'Y'),
(8818, 48, 137, 'FT7950', 'Y'),
(8819, 48, 137, 'FT7960', 'Y'),
(8820, 48, 137, 'FT7970', 'Y'),
(8821, 48, 138, 'Aficio-1013', 'Y'),
(8822, 48, 138, 'Aficio-1013F', 'Y'),
(8823, 48, 138, 'Aficio-1015', 'Y'),
(8824, 48, 138, 'Aficio-1018', 'Y'),
(8825, 48, 138, 'Aficio-1018D', 'Y'),
(8826, 48, 138, 'Aficio-1022', 'Y'),
(8827, 48, 138, 'Aficio-1027', 'Y'),
(8828, 48, 138, 'Aficio-1032', 'Y'),
(8829, 48, 138, 'Aficio-1035', 'Y'),
(8830, 48, 138, 'Aficio-1045', 'Y'),
(8831, 48, 138, 'Aficio-1050', 'Y'),
(8832, 48, 138, 'Aficio-1055', 'Y'),
(8833, 48, 138, 'Aficio-1060', 'Y'),
(8834, 48, 138, 'Aficio-1075', 'Y'),
(8835, 48, 138, 'Aficio-1085', 'Y'),
(8836, 48, 138, 'Aficio-1105', 'Y'),
(8837, 48, 138, 'Aficio-1113', 'Y'),
(8838, 48, 138, 'Aficio-120', 'Y'),
(8839, 48, 138, 'Aficio-1224C', 'Y'),
(8840, 48, 138, 'Aficio-1232C', 'Y'),
(8841, 48, 138, 'Aficio-150', 'Y'),
(8842, 48, 138, 'Aficio-1515', 'Y'),
(8843, 48, 138, 'Aficio-1515F', 'Y'),
(8844, 48, 138, 'Aficio-1515MF', 'Y'),
(8845, 48, 138, 'Aficio-180', 'Y'),
(8846, 48, 138, 'Aficio-185', 'Y'),
(8847, 48, 138, 'Aficio-200', 'Y'),
(8848, 48, 138, 'Aficio-2015', 'Y'),
(8849, 48, 138, 'Aficio-2016', 'Y'),
(8850, 48, 138, 'Aficio-2016SPF', 'Y'),
(8851, 48, 138, 'Aficio-2018', 'Y'),
(8852, 48, 138, 'Aficio-2018D', 'Y'),
(8853, 48, 138, 'Aficio-2020', 'Y'),
(8854, 48, 138, 'Aficio-2020D', 'Y'),
(8855, 48, 138, 'Aficio-2020DSPF', 'Y'),
(8856, 48, 138, 'Aficio-2020SPF', 'Y'),
(8857, 48, 138, 'Aficio-2022', 'Y'),
(8858, 48, 138, 'Aficio-2027', 'Y'),
(8859, 48, 138, 'Aficio-2032', 'Y'),
(8860, 48, 138, 'Aficio-2035', 'Y'),
(8861, 48, 138, 'Aficio-2045', 'Y'),
(8862, 48, 138, 'Aficio-2051', 'Y'),
(8863, 48, 138, 'Aficio-2060', 'Y'),
(8864, 48, 138, 'Aficio-2075', 'Y'),
(8865, 48, 138, 'Aficio-2090', 'Y'),
(8866, 48, 138, 'Aficio-2105', 'Y'),
(8867, 48, 138, 'Aficio-220', 'Y'),
(8868, 48, 138, 'Aficio-240W', 'Y'),
(8869, 48, 138, 'Aficio-250', 'Y'),
(8870, 48, 138, 'Aficio-270', 'Y'),
(8871, 48, 138, 'Aficio-3025', 'Y'),
(8872, 48, 138, 'Aficio-3030', 'Y'),
(8873, 48, 138, 'Aficio-340', 'Y'),
(8874, 48, 138, 'Aficio-350', 'Y'),
(8875, 48, 138, 'Aficio-350E', 'Y'),
(8876, 48, 138, 'Aficio-355', 'Y'),
(8877, 48, 138, 'Aficio-400', 'Y'),
(8878, 48, 138, 'Aficio-401', 'Y'),
(8879, 48, 138, 'Aficio-450', 'Y'),
(8880, 48, 138, 'Aficio-450E', 'Y'),
(8881, 48, 138, 'Aficio-455', 'Y'),
(8882, 48, 138, 'Aficio-470W', 'Y'),
(8883, 48, 138, 'Aficio-500', 'Y'),
(8884, 48, 138, 'Aficio-550', 'Y'),
(8885, 48, 138, 'Aficio-551', 'Y'),
(8886, 48, 138, 'Aficio-650', 'Y'),
(8887, 48, 138, 'Aficio-700', 'Y'),
(8888, 48, 138, 'Aficio-850', 'Y'),
(8889, 48, 138, 'Aficio-Color-2003', 'Y'),
(8890, 48, 138, 'Aficio-Color-2103', 'Y'),
(8891, 48, 138, 'Aficio-Color-2203', 'Y'),
(8892, 48, 138, 'Aficio-Color-3006', 'Y'),
(8893, 48, 138, 'Aficio-COLOR-3131', 'Y'),
(8894, 48, 138, 'Aficio-Color-3506', 'Y'),
(8895, 48, 138, 'Aficio-Color-4006', 'Y'),
(8896, 48, 138, 'Aficio-Color-4106', 'Y'),
(8897, 48, 138, 'Aficio-Color-4506', 'Y'),
(8898, 48, 138, 'Aficio-Color-6010', 'Y'),
(8899, 48, 138, 'Aficio-Color-6110', 'Y'),
(8900, 48, 138, 'Aficio-Color-6513', 'Y'),
(8901, 48, 138, 'Aficio-MP1100', 'Y'),
(8902, 48, 138, 'Aficio-MP1350', 'Y'),
(8903, 48, 138, 'Aficio-MP1350A', 'Y'),
(8904, 48, 138, 'Aficio-MP1600', 'Y'),
(8905, 48, 138, 'Aficio-MP1600L', 'Y'),
(8906, 48, 138, 'Aficio-MP1600SPF', 'Y'),
(8907, 48, 138, 'Aficio-MP161', 'Y'),
(8908, 48, 138, 'Aficio-MP161F', 'Y'),
(8909, 48, 138, 'Aficio-MP161SPF', 'Y'),
(8910, 48, 138, 'Aficio-MP171', 'Y'),
(8911, 48, 138, 'Aficio-MP171F', 'Y'),
(8912, 48, 138, 'Aficio-MP171SPF', 'Y'),
(8913, 48, 138, 'Aficio-MP2000', 'Y'),
(8914, 48, 138, 'Aficio-MP2000L', 'Y'),
(8915, 48, 138, 'Aficio-MP2000SPF', 'Y'),
(8916, 48, 138, 'Aficio-MP2500', 'Y'),
(8917, 48, 138, 'Aficio-MP2500SP', 'Y'),
(8918, 48, 138, 'Aficio-MP2500SPF', 'Y'),
(8919, 48, 138, 'Aficio-MP3500', 'Y'),
(8920, 48, 138, 'Aficio-MP4000', 'Y'),
(8921, 48, 138, 'Aficio-MP4001', 'Y'),
(8922, 48, 138, 'Aficio-MP4500', 'Y'),
(8923, 48, 138, 'Aficio-MP5000', 'Y'),
(8924, 48, 138, 'Aficio-MP9000', 'Y'),
(8925, 48, 138, 'Aficio-MPC2500', 'Y'),
(8926, 48, 138, 'Aficio-MPC2800', 'Y'),
(8927, 48, 138, 'Aficio-MPC3000', 'Y'),
(8928, 48, 138, 'Aficio-MPC3300', 'Y'),
(8929, 48, 138, 'Aficio-MPC3500', 'Y'),
(8930, 48, 138, 'Aficio-MPC4500', 'Y'),
(8931, 48, 138, 'Aficio-MPC6000', 'Y'),
(8932, 48, 138, 'Aficio-MPC6000SP', 'Y'),
(8933, 48, 138, 'Aficio-MPC7500', 'Y'),
(8934, 48, 138, 'Aficio-MPC7500SP', 'Y'),
(8935, 48, 138, 'FW740', 'Y'),
(8936, 48, 138, 'FW750', 'Y'),
(8937, 48, 138, 'FW760', 'Y'),
(8938, 48, 138, 'FW830', 'Y'),
(8939, 48, 138, 'FW870', 'Y'),
(8940, 48, 139, 'DX3340', 'Y'),
(8941, 48, 139, 'DX4542', 'Y'),
(8942, 48, 139, 'HQ7000', 'Y'),
(8943, 48, 139, 'HQ9000', 'Y'),
(8944, 48, 139, 'JP1010', 'Y'),
(8945, 48, 139, 'JP1030', 'Y'),
(8946, 48, 139, 'RP3700', 'Y'),
(8947, 48, 139, 'RP3790', 'Y'),
(8948, 48, 140, 'Fax1170L', 'Y'),
(8949, 48, 140, 'Fax1180L', 'Y'),
(8950, 48, 140, 'Fax1700L', 'Y'),
(8951, 48, 140, 'Fax1900L', 'Y'),
(8952, 48, 140, 'Fax2000L', 'Y'),
(8953, 48, 140, 'Fax2050L', 'Y'),
(8954, 48, 140, 'Fax2210L', 'Y'),
(8955, 48, 140, 'Fax2400L', 'Y'),
(8956, 48, 140, 'Fax2500L', 'Y'),
(8957, 48, 140, 'Fax2600L', 'Y'),
(8958, 48, 140, 'Fax2700L', 'Y'),
(8959, 48, 140, 'Fax2800DI', 'Y'),
(8960, 48, 140, 'Fax2800L', 'Y'),
(8961, 48, 140, 'Fax2900L', 'Y'),
(8962, 48, 140, 'Fax3000L', 'Y'),
(8963, 48, 140, 'Fax3100L', 'Y'),
(8964, 48, 140, 'Fax3200L', 'Y'),
(8965, 48, 140, 'Fax3310L', 'Y'),
(8966, 48, 140, 'Fax3310LE', 'Y'),
(8967, 48, 140, 'Fax3320L', 'Y'),
(8968, 48, 140, 'Fax3500L', 'Y'),
(8969, 48, 140, 'Fax3700L', 'Y'),
(8970, 48, 140, 'Fax3800L', 'Y'),
(8971, 48, 140, 'Fax3900L', 'Y'),
(8972, 48, 140, 'Fax3900NF', 'Y'),
(8973, 48, 140, 'Fax4000L', 'Y'),
(8974, 48, 140, 'Fax4410L', 'Y'),
(8975, 48, 140, 'Fax4410NF', 'Y'),
(8976, 48, 140, 'Fax4420L', 'Y'),
(8977, 48, 140, 'Fax4420NF', 'Y'),
(8978, 48, 140, 'Fax4430L', 'Y'),
(8979, 48, 140, 'Fax4430NF', 'Y'),
(8980, 48, 140, 'Fax4500L', 'Y'),
(8981, 48, 140, 'Fax4700L', 'Y'),
(8982, 48, 140, 'Fax4800L', 'Y'),
(8983, 48, 140, 'Fax5000L', 'Y'),
(8984, 48, 140, 'Fax5510L', 'Y'),
(8985, 48, 140, 'Fax5510NF', 'Y'),
(8986, 48, 140, 'Fax5600L', 'Y'),
(8987, 48, 140, 'MV106', 'Y'),
(8988, 48, 140, 'MV310', 'Y'),
(8989, 48, 140, 'MV310E', 'Y'),
(8990, 48, 140, 'MV715', 'Y'),
(8991, 48, 141, 'Fax5000L', 'Y'),
(8992, 48, 141, 'Fax5510L', 'Y'),
(8993, 48, 141, 'Fax5510NF', 'Y'),
(8994, 48, 141, 'MV310', 'Y'),
(8995, 48, 141, 'MV310E', 'Y'),
(8996, 48, 142, 'DM100i-Postage-Machine', 'Y'),
(8997, 48, 142, 'DM200L-Postage-Machine', 'Y'),
(8998, 48, 142, 'E700-Postage-Meter', 'Y'),
(8999, 48, 142, 'E707-Postage-Meter', 'Y'),
(9000, 48, 142, 'K700-Postage-Meter', 'Y'),
(9001, 48, 142, 'P700-Postage-Machine', 'Y'),
(9002, 48, 143, 'Aficio-AP1400', 'Y'),
(9003, 48, 143, 'Aficio-AP1600', 'Y'),
(9004, 48, 143, 'Aficio-AP2000', 'Y'),
(9005, 48, 143, 'Aficio-AP204', 'Y'),
(9006, 48, 143, 'Aficio-AP206', 'Y'),
(9007, 48, 143, 'Aficio-AP2100', 'Y'),
(9008, 48, 143, 'Aficio-AP2600', 'Y'),
(9009, 48, 143, 'Aficio-AP2600N', 'Y'),
(9010, 48, 143, 'Aficio-AP2610', 'Y'),
(9011, 48, 143, 'Aficio-AP2610N', 'Y'),
(9012, 48, 143, 'Aficio-AP305', 'Y'),
(9013, 48, 143, 'Aficio-AP306', 'Y'),
(9014, 48, 143, 'Aficio-AP3800C', 'Y'),
(9015, 48, 143, 'Aficio-AP3850C', 'Y'),
(9016, 48, 143, 'Aficio-AP400', 'Y'),
(9017, 48, 143, 'Aficio-AP400N', 'Y'),
(9018, 48, 143, 'Aficio-AP410', 'Y'),
(9019, 48, 143, 'Aficio-AP410N', 'Y'),
(9020, 48, 143, 'Aficio-AP4500', 'Y'),
(9021, 48, 143, 'Aficio-AP4510', 'Y'),
(9022, 48, 143, 'Aficio-AP505', 'Y'),
(9023, 48, 143, 'Aficio-AP600N', 'Y'),
(9024, 48, 143, 'Aficio-AP610N', 'Y'),
(9025, 48, 143, 'Aficio-BP20', 'Y'),
(9026, 48, 143, 'Aficio-BP20N', 'Y'),
(9027, 48, 143, 'Aficio-CL1000N', 'Y'),
(9028, 48, 143, 'Aficio-CL2000', 'Y'),
(9029, 48, 143, 'Aficio-CL2000N', 'Y'),
(9030, 48, 143, 'Aficio-CL3000', 'Y'),
(9031, 48, 143, 'Aficio-CL3000E', 'Y'),
(9032, 48, 143, 'Aficio-CL3500D', 'Y'),
(9033, 48, 143, 'Aficio-CL3500DN', 'Y'),
(9034, 48, 143, 'Aficio-CL3500N', 'Y'),
(9035, 48, 143, 'Aficio-CL4000DN', 'Y'),
(9036, 48, 143, 'Aficio-CL5000', 'Y'),
(9037, 48, 143, 'Aficio-CL7000', 'Y'),
(9038, 48, 143, 'Aficio-CL7100', 'Y'),
(9039, 48, 143, 'Aficio-CL7200', 'Y'),
(9040, 48, 143, 'Aficio-CL7300', 'Y'),
(9041, 48, 143, 'Aficio-SPC220N', 'Y'),
(9042, 48, 143, 'Aficio-SPC221N', 'Y'),
(9043, 48, 143, 'Aficio-SPC222DN', 'Y'),
(9044, 48, 143, 'Aficio-SPC231N', 'Y'),
(9045, 48, 143, 'Aficio-SPC232DN', 'Y'),
(9046, 48, 143, 'Aficio-SPC311N', 'Y'),
(9047, 48, 143, 'Aficio-SPC312N', 'Y'),
(9048, 48, 143, 'Aficio-SPC400DN', 'Y'),
(9049, 48, 143, 'Aficio-SPC410DN', 'Y'),
(9050, 48, 143, 'Aficio-SPC411DN', 'Y'),
(9051, 48, 143, 'Aficio-SPC811DN', 'Y'),
(9052, 48, 143, 'CL3000', 'Y'),
(9053, 48, 144, 'AC104', 'Y'),
(9054, 48, 144, 'AC204', 'Y'),
(9055, 48, 144, 'AC205', 'Y'),
(9056, 48, 144, 'AC205L', 'Y'),
(9057, 48, 144, 'Aficio-2228C', 'Y'),
(9058, 48, 144, 'Aficio-2232C', 'Y'),
(9059, 48, 144, 'Aficio-2238C', 'Y'),
(9060, 48, 144, 'Aficio-3224C', 'Y'),
(9061, 48, 144, 'Aficio-3228C', 'Y'),
(9062, 48, 144, 'Aficio-3235C', 'Y'),
(9063, 48, 144, 'Aficio-3245C', 'Y'),
(9064, 48, 144, 'Aficio-3260C', 'Y'),
(9065, 48, 144, 'Aficio-5560', 'Y'),
(9066, 48, 144, 'Aficio-615C', 'Y'),
(9067, 48, 144, 'Aficio-MPC1500SP', 'Y'),
(9068, 48, 144, 'Aficio-MPC2030', 'Y'),
(9069, 48, 144, 'Aficio-MPC2050', 'Y'),
(9070, 48, 144, 'Aficio-MPC2550', 'Y'),
(9071, 48, 144, 'Aficio-MPC4000', 'Y'),
(9072, 48, 144, 'Aficio-MPC5000', 'Y'),
(9073, 48, 144, 'Aficio-SP3200SF', 'Y'),
(9074, 48, 144, 'Aficio-SPC210SF', 'Y'),
(9075, 48, 144, 'Aficio-SPC220S', 'Y'),
(9076, 48, 144, 'Aficio-SPC221SF', 'Y'),
(9077, 48, 144, 'Aficio-SPC222SF', 'Y'),
(9078, 48, 144, 'Aficio-SPC231SF', 'Y'),
(9079, 48, 144, 'Aficio-SPC232SF', 'Y'),
(9080, 48, 145, 'Aficio-G7500', 'Y'),
(9081, 48, 145, 'Aficio-GX3000', 'Y'),
(9082, 48, 145, 'Aficio-GX3050N', 'Y'),
(9083, 48, 145, 'Aficio-GX5050N', 'Y'),
(9084, 49, 146, 'HC5000', 'Y'),
(9085, 49, 146, 'HC5500', 'Y'),
(9086, 49, 146, 'RA4000', 'Y'),
(9087, 49, 146, 'RA4200', 'Y'),
(9088, 49, 146, 'RA4500', 'Y'),
(9089, 49, 146, 'RA4900', 'Y'),
(9090, 49, 146, 'RA5600', 'Y'),
(9091, 49, 146, 'RA5800', 'Y'),
(9092, 49, 146, 'RA5900', 'Y'),
(9093, 49, 146, 'RC5600', 'Y'),
(9094, 49, 146, 'RC5800', 'Y'),
(9095, 49, 146, 'RC5900', 'Y'),
(9096, 49, 146, 'RC6300', 'Y'),
(9097, 49, 146, 'RN2030', 'Y'),
(9098, 49, 146, 'RN2130', 'Y'),
(9099, 49, 146, 'RN2235', 'Y'),
(9100, 49, 146, 'RN2530', 'Y'),
(9101, 49, 146, 'RP3100', 'Y'),
(9102, 49, 146, 'RP3105', 'Y'),
(9103, 49, 146, 'RP3500', 'Y'),
(9104, 49, 146, 'RP3505', 'Y'),
(9105, 49, 146, 'RP3590', 'Y'),
(9106, 49, 146, 'RP3700', 'Y'),
(9107, 49, 146, 'RP3790', 'Y'),
(9108, 49, 146, 'RZ220', 'Y'),
(9109, 49, 146, 'RZ230', 'Y'),
(9110, 49, 146, 'RZ310', 'Y'),
(9111, 49, 146, 'RZ390', 'Y'),
(9112, 49, 146, 'RZ590', 'Y'),
(9113, 49, 146, 'TR1510', 'Y'),
(9114, 49, 147, 'Aficio-2228C', 'Y'),
(9115, 49, 147, 'Aficio-2232C', 'Y'),
(9116, 49, 147, 'Aficio-2238C', 'Y'),
(9117, 50, 148, 'RA5600', 'Y'),
(9118, 50, 148, 'RA5800', 'Y'),
(9119, 50, 148, 'RA5900', 'Y'),
(9120, 50, 148, 'RC5600', 'Y'),
(9121, 50, 148, 'RC5800', 'Y'),
(9122, 50, 148, 'RC5900', 'Y'),
(9123, 50, 148, 'RC6300', 'Y'),
(9124, 50, 148, 'TR1510', 'Y'),
(9125, 50, 149, 'MSYS6750', 'Y'),
(9126, 50, 149, 'MSYS730', 'Y'),
(9127, 50, 149, 'SF515', 'Y'),
(9128, 50, 149, 'SF530', 'Y'),
(9129, 50, 149, 'SF535E', 'Y'),
(9130, 50, 149, 'SF560', 'Y'),
(9131, 50, 149, 'SF650', 'Y'),
(9132, 50, 149, 'SF830', 'Y'),
(9133, 50, 150, 'CLP300', 'Y'),
(9134, 50, 150, 'CLP-300-Color-Printer', 'Y'),
(9135, 50, 150, 'CLP300N', 'Y'),
(9136, 50, 150, 'CLP-300N-Color', 'Y'),
(9137, 50, 150, 'CLP310', 'Y'),
(9138, 50, 150, 'CLP315', 'Y'),
(9139, 50, 150, 'CLP315W', 'Y'),
(9140, 50, 150, 'CLP500', 'Y'),
(9141, 50, 150, 'CLP500N', 'Y'),
(9142, 50, 150, 'CLP510', 'Y'),
(9143, 50, 150, 'CLP-510-Color', 'Y'),
(9144, 50, 150, 'CLP510N', 'Y'),
(9145, 50, 150, 'CLP-510N-Color', 'Y'),
(9146, 50, 150, 'CLP-515', 'Y'),
(9147, 50, 150, 'CLP550', 'Y'),
(9148, 50, 150, 'CLP550N', 'Y'),
(9149, 50, 150, 'CLP600N', 'Y'),
(9150, 50, 150, 'CLP610ND', 'Y'),
(9151, 50, 150, 'CLP-610ND', 'Y'),
(9152, 50, 150, 'CLP650N', 'Y'),
(9153, 50, 150, 'CLP660ND', 'Y'),
(9154, 50, 150, 'CLP-660ND', 'Y'),
(9155, 50, 150, 'CLP770ND', 'Y'),
(9156, 50, 150, 'CLX-2160N-Color', 'Y'),
(9157, 50, 150, 'CLX-3160FN-Color-Printer', 'Y'),
(9158, 50, 150, 'CLX-6200FX', 'Y'),
(9159, 50, 150, 'CLX-6200ND', 'Y'),
(9160, 50, 150, 'CLX-6210FX', 'Y'),
(9161, 50, 150, 'CLX-6240FX', 'Y'),
(9162, 50, 150, 'ML1010', 'Y'),
(9163, 50, 150, 'ML1020M', 'Y'),
(9164, 50, 150, 'ML1210', 'Y'),
(9165, 50, 150, 'ML1220M', 'Y'),
(9166, 50, 150, 'ML1250', 'Y'),
(9167, 50, 150, 'ML1430', 'Y'),
(9168, 50, 150, 'ML1440', 'Y'),
(9169, 50, 150, 'ML-1440', 'Y'),
(9170, 50, 150, 'ML1450', 'Y'),
(9171, 50, 150, 'ML-1450', 'Y'),
(9172, 50, 150, 'ML1451N', 'Y'),
(9173, 50, 150, 'ML-1451N', 'Y'),
(9174, 50, 150, 'ML1500', 'Y'),
(9175, 50, 150, 'ML1510', 'Y'),
(9176, 50, 150, 'ML1510B', 'Y'),
(9177, 50, 150, 'ML1520', 'Y'),
(9178, 50, 150, 'ML1610', 'Y'),
(9179, 50, 150, 'ML1630', 'Y'),
(9180, 50, 150, 'ML1630W', 'Y'),
(9181, 50, 150, 'ML1640', 'Y'),
(9182, 50, 150, 'ML-1640', 'Y'),
(9183, 50, 150, 'ML1650', 'Y'),
(9184, 50, 150, 'ML1651N', 'Y'),
(9185, 50, 150, 'ML1652P', 'Y'),
(9186, 50, 150, 'ML1653S', 'Y'),
(9187, 50, 150, 'ML1710', 'Y'),
(9188, 50, 150, 'ML1710B', 'Y'),
(9189, 50, 150, 'ML1710D', 'Y'),
(9190, 50, 150, 'ML1710P', 'Y'),
(9191, 50, 150, 'ML1740', 'Y'),
(9192, 50, 150, 'ML1750', 'Y'),
(9193, 50, 150, 'ML1755', 'Y'),
(9194, 50, 150, 'ML-1910', 'Y'),
(9195, 50, 150, 'ML-1915', 'Y'),
(9196, 50, 150, 'ML2010', 'Y'),
(9197, 50, 150, 'ML-2010', 'Y'),
(9198, 50, 150, 'ML2150', 'Y'),
(9199, 50, 150, 'ML2151N', 'Y'),
(9200, 50, 150, 'ML2152W', 'Y'),
(9201, 50, 150, 'ML2240', 'Y'),
(9202, 50, 150, 'ML-2240', 'Y'),
(9203, 50, 150, 'ML2250', 'Y'),
(9204, 50, 150, 'ML2251', 'Y'),
(9205, 50, 150, 'ML2252', 'Y'),
(9206, 50, 150, 'ML-2450', 'Y'),
(9207, 50, 150, 'ML2510', 'Y'),
(9208, 50, 150, 'ML-2510', 'Y'),
(9209, 50, 150, 'ML-2525', 'Y'),
(9210, 50, 150, 'ML-2525W', 'Y'),
(9211, 50, 150, 'ML2550', 'Y'),
(9212, 50, 150, 'ML2551N', 'Y'),
(9213, 50, 150, 'ML2552W', 'Y'),
(9214, 50, 150, 'ML2570', 'Y'),
(9215, 50, 150, 'ML-2570', 'Y'),
(9216, 50, 150, 'ML2571N', 'Y'),
(9217, 50, 150, 'ML-2571N', 'Y'),
(9218, 50, 150, 'ML-2580N', 'Y'),
(9219, 50, 150, 'ML-2850', 'Y'),
(9220, 50, 150, 'ML2851ND', 'Y'),
(9221, 50, 150, 'ML-2851ND', 'Y'),
(9222, 50, 150, 'ML2855ND', 'Y'),
(9223, 50, 150, 'ML-2855ND', 'Y'),
(9224, 50, 150, 'ML3050N', 'Y'),
(9225, 50, 150, 'ML3051ND', 'Y'),
(9226, 50, 150, 'ML3471ND', 'Y'),
(9227, 50, 150, 'ML3560', 'Y'),
(9228, 50, 150, 'ML3561N', 'Y'),
(9229, 50, 150, 'ML3561ND', 'Y'),
(9230, 50, 150, 'ML3562W', 'Y'),
(9231, 50, 150, 'ML4050', 'Y'),
(9232, 50, 150, 'ML4050N', 'Y'),
(9233, 50, 150, 'ML4500', 'Y'),
(9234, 50, 150, 'ML4550', 'Y'),
(9235, 50, 150, 'ML4551N', 'Y'),
(9236, 50, 150, 'ML4551ND', 'Y'),
(9237, 50, 150, 'ML4551NDR', 'Y'),
(9238, 50, 150, 'ML4551NR', 'Y'),
(9239, 50, 150, 'ML4600', 'Y'),
(9240, 50, 150, 'ML5000', 'Y'),
(9241, 50, 150, 'ML5050', 'Y'),
(9242, 50, 150, 'ML6040', 'Y'),
(9243, 50, 150, 'ML-6040', 'Y'),
(9244, 50, 150, 'ML6060', 'Y'),
(9245, 50, 150, 'ML-6060', 'Y'),
(9246, 50, 150, 'ML6060N', 'Y'),
(9247, 50, 150, 'ML-6060N', 'Y'),
(9248, 50, 150, 'ML-6060S', 'Y'),
(9249, 50, 150, 'ML7300N', 'Y'),
(9250, 50, 150, 'QL7300N', 'Y'),
(9251, 50, 150, 'SCX-4600', 'Y'),
(9252, 50, 150, 'SCX-4623F', 'Y'),
(9253, 50, 150, 'SCX-4623FN', 'Y'),
(9254, 50, 150, 'SCX-4623FW', 'Y'),
(9255, 50, 150, 'SCX-4824FN', 'Y'),
(9256, 50, 150, 'SCX-4826FN-MFP', 'Y'),
(9257, 50, 150, 'SCX-4828FN', 'Y'),
(9258, 50, 150, 'SF-650', 'Y'),
(9259, 50, 150, 'SF-650P', 'Y'),
(9260, 50, 151, 'CLX2160', 'Y'),
(9261, 50, 151, 'CLX2160N', 'Y'),
(9262, 50, 151, 'CLX3160FN', 'Y'),
(9263, 50, 151, 'CLX3160N', 'Y'),
(9264, 50, 151, 'CLX3170', 'Y'),
(9265, 50, 151, 'CLX3175FN', 'Y'),
(9266, 50, 151, 'CLX3175FW', 'Y'),
(9267, 50, 151, 'CLX6200FX', 'Y'),
(9268, 50, 151, 'CLX6210FX', 'Y'),
(9269, 50, 151, 'CLX6240FX', 'Y'),
(9270, 50, 151, 'CLX8380ND', 'Y'),
(9271, 50, 151, 'MSYS5150', 'Y'),
(9272, 50, 151, 'MSYS5200', 'Y'),
(9273, 50, 151, 'MSYS6800', 'Y'),
(9274, 50, 151, 'MSYS6900', 'Y'),
(9275, 50, 151, 'MSYS7800', 'Y'),
(9276, 50, 151, 'MSYS830', 'Y'),
(9277, 50, 151, 'MSYS835P', 'Y'),
(9278, 50, 151, 'SCX4016', 'Y'),
(9279, 50, 151, 'SCX4100', 'Y'),
(9280, 50, 151, 'SCX4116', 'Y'),
(9281, 50, 151, 'SCX4126', 'Y'),
(9282, 50, 151, 'SCX4200', 'Y'),
(9283, 50, 151, 'SCX4216F', 'Y'),
(9284, 50, 151, 'SCX4300', 'Y'),
(9285, 50, 151, 'SCX4500', 'Y'),
(9286, 50, 151, 'SCX4500W', 'Y'),
(9287, 50, 151, 'SCX4521F', 'Y'),
(9288, 50, 151, 'SCX4720FN', 'Y'),
(9289, 50, 151, 'SCX4725FN', 'Y'),
(9290, 50, 151, 'SCX4826FN', 'Y'),
(9291, 50, 151, 'SCX4828FN', 'Y'),
(9292, 50, 151, 'SCX5112', 'Y'),
(9293, 50, 151, 'SCX5115', 'Y'),
(9294, 50, 151, 'SCX5312F', 'Y'),
(9295, 50, 151, 'SCX5315F', 'Y'),
(9296, 50, 151, 'SCX5530FN', 'Y'),
(9297, 50, 151, 'SCX5635FN', 'Y'),
(9298, 50, 151, 'SCX5835FN', 'Y'),
(9299, 50, 151, 'SCX5935FN', 'Y'),
(9300, 50, 151, 'SCX6220', 'Y'),
(9301, 50, 151, 'SCX6320F', 'Y'),
(9302, 50, 151, 'SCX6322DN', 'Y'),
(9303, 50, 151, 'SCX6345N', 'Y'),
(9304, 50, 151, 'SCX6555N', 'Y'),
(9305, 50, 151, 'SF5100', 'Y'),
(9306, 50, 151, 'SF5100P', 'Y'),
(9307, 50, 151, 'SF531P', 'Y'),
(9308, 50, 151, 'SF555P', 'Y'),
(9309, 50, 151, 'SF560R', 'Y'),
(9310, 50, 151, 'SF565P', 'Y'),
(9311, 50, 151, 'SF565PR', 'Y'),
(9312, 50, 151, 'SF650P', 'Y'),
(9313, 50, 151, 'SF6800', 'Y'),
(9314, 50, 151, 'SF6800P', 'Y'),
(9315, 50, 151, 'SF6900', 'Y'),
(9316, 50, 151, 'SF755P', 'Y'),
(9317, 50, 151, 'SF835P', 'Y'),
(9318, 51, 152, '2050', 'Y'),
(9319, 51, 152, '2060', 'Y'),
(9320, 51, 152, '2070', 'Y'),
(9321, 51, 152, '9013', 'Y'),
(9322, 51, 152, '9015', 'Y'),
(9323, 51, 152, '9020', 'Y'),
(9324, 51, 152, '9022', 'Y'),
(9325, 51, 152, '9027', 'Y'),
(9326, 51, 152, '9032', 'Y'),
(9327, 51, 152, '9035', 'Y'),
(9328, 51, 152, '9113', 'Y'),
(9329, 51, 152, '9115', 'Y'),
(9330, 51, 152, '9122', 'Y'),
(9331, 51, 152, '9130', 'Y'),
(9332, 51, 152, '9150', 'Y'),
(9333, 51, 152, '9180', 'Y'),
(9334, 51, 152, '9210', 'Y'),
(9335, 51, 152, '9220', 'Y'),
(9336, 51, 152, '9270', 'Y'),
(9337, 51, 152, '9330', 'Y'),
(9338, 51, 152, '9335', 'Y'),
(9339, 51, 152, '9400', 'Y'),
(9340, 51, 152, '9450', 'Y'),
(9341, 51, 152, '9500', 'Y'),
(9342, 51, 152, '9550', 'Y'),
(9343, 51, 152, '9600', 'Y'),
(9344, 51, 152, '9650', 'Y'),
(9345, 51, 152, '9700', 'Y'),
(9346, 51, 152, '2013Z', 'Y'),
(9347, 51, 152, '9013Z', 'Y'),
(9348, 51, 152, '9027DL', 'Y'),
(9349, 51, 152, '9032D', 'Y'),
(9350, 51, 152, '9035DL', 'Y'),
(9351, 51, 152, '9113Z', 'Y'),
(9352, 51, 152, '9122DL', 'Y'),
(9353, 51, 152, '9130Z', 'Y'),
(9354, 51, 152, '9220DL', 'Y'),
(9355, 51, 152, '9400D', 'Y'),
(9356, 51, 153, '816', 'Y'),
(9357, 51, 153, '2235', 'Y'),
(9358, 51, 153, '2513', 'Y'),
(9359, 51, 153, '2515', 'Y'),
(9360, 51, 153, '2518', 'Y'),
(9361, 51, 153, '2522', 'Y'),
(9362, 51, 153, '2527', 'Y'),
(9363, 51, 153, '2535', 'Y'),
(9364, 51, 153, '2545', 'Y'),
(9365, 51, 153, '2560', 'Y'),
(9366, 51, 153, '2575', 'Y'),
(9367, 51, 153, '2585', 'Y'),
(9368, 51, 153, '3515', 'Y'),
(9369, 51, 153, '4015', 'Y'),
(9370, 51, 153, '4018', 'Y'),
(9371, 51, 153, '4022', 'Y'),
(9372, 51, 153, '4027', 'Y'),
(9373, 51, 153, '4035', 'Y'),
(9374, 51, 153, '4045', 'Y'),
(9375, 51, 153, '4051', 'Y'),
(9376, 51, 153, '4060', 'Y'),
(9377, 51, 153, '4075', 'Y'),
(9378, 51, 153, '4090', 'Y'),
(9379, 51, 153, '8025', 'Y'),
(9380, 51, 153, '8030', 'Y'),
(9381, 51, 153, '8090', 'Y'),
(9382, 51, 153, '8110', 'Y'),
(9383, 51, 153, '25105', 'Y'),
(9384, 51, 153, '40105', 'Y'),
(9385, 51, 153, '2015DP', 'Y'),
(9386, 51, 153, '2035DP', 'Y'),
(9387, 51, 153, '2035DPE', 'Y'),
(9388, 51, 153, '2045DP', 'Y'),
(9389, 51, 153, '2045DPE', 'Y'),
(9390, 51, 153, '2055DP', 'Y'),
(9391, 51, 153, '2070DP', 'Y'),
(9392, 51, 153, '2085DP', 'Y'),
(9393, 51, 153, '2105DP', 'Y'),
(9394, 51, 153, '2513F', 'Y'),
(9395, 51, 153, '2518D', 'Y'),
(9396, 51, 153, '3100DNP', 'Y'),
(9397, 51, 153, '3150DNP', 'Y'),
(9398, 51, 153, '3150E', 'Y'),
(9399, 51, 153, '3150EDNP', 'Y'),
(9400, 51, 153, '3160DNP', 'Y'),
(9401, 51, 153, '3200DNP', 'Y'),
(9402, 51, 153, '3250DNP', 'Y'),
(9403, 51, 153, '3260DNP', 'Y'),
(9404, 51, 153, '3300DNP', 'Y'),
(9405, 51, 153, '3350DNP', 'Y'),
(9406, 51, 153, '3360DNP', 'Y'),
(9407, 51, 153, '3400DNP', 'Y'),
(9408, 51, 153, '3515F', 'Y'),
(9409, 51, 153, '4018D', 'Y'),
(9410, 51, 153, '4035E', 'Y'),
(9411, 51, 153, '4045E', 'Y'),
(9412, 51, 153, '4135EG', 'Y'),
(9413, 51, 153, '4135G', 'Y'),
(9414, 51, 153, '4145EG', 'Y'),
(9415, 51, 153, '4145G', 'Y'),
(9416, 51, 153, '8025E', 'Y'),
(9417, 51, 153, '8025EP', 'Y'),
(9418, 51, 153, '8025P', 'Y'),
(9419, 51, 153, '8030E', 'Y'),
(9420, 51, 153, '8030EP', 'Y'),
(9421, 51, 153, '8030P', 'Y'),
(9422, 51, 153, '816F', 'Y'),
(9423, 51, 153, '9110DP', 'Y'),
(9424, 51, 153, '9910DP', 'Y'),
(9425, 51, 153, '9910DPE', 'Y'),
(9426, 51, 153, '9918DP', 'Y'),
(9427, 51, 153, '9920DP', 'Y'),
(9428, 51, 153, '9922DP', 'Y'),
(9429, 51, 153, '9925DP', 'Y'),
(9430, 51, 153, '9927DP', 'Y'),
(9431, 51, 153, '9935D', 'Y'),
(9432, 51, 153, '9935DP', 'Y'),
(9433, 51, 153, '9940DP', 'Y'),
(9434, 51, 153, '9940DPC', 'Y'),
(9435, 51, 153, '9945DP', 'Y'),
(9436, 51, 153, '9950DP', 'Y'),
(9437, 51, 153, '9955DP', 'Y'),
(9438, 51, 153, '9965DP', 'Y'),
(9439, 51, 153, 'GSA-2238', 'Y'),
(9440, 51, 153, 'GSA-2245', 'Y'),
(9441, 51, 153, 'SDC306', 'Y'),
(9442, 51, 153, 'SDC306E', 'Y'),
(9443, 51, 153, 'SDC326', 'Y'),
(9444, 51, 153, 'SDC410', 'Y'),
(9445, 51, 153, 'SDC410E', 'Y'),
(9446, 51, 154, 'FAX-3699', 'Y'),
(9447, 51, 154, 'FAX-3799', 'Y'),
(9448, 51, 155, 'SavinFAX-3615C', 'Y'),
(9449, 51, 155, 'SavinFAX-3620', 'Y'),
(9450, 51, 155, 'SavinFAX-3630', 'Y'),
(9451, 51, 155, 'SavinFAX-3640', 'Y'),
(9452, 51, 155, 'SavinFAX-3650', 'Y'),
(9453, 51, 155, 'SavinFAX-3651', 'Y'),
(9454, 51, 155, 'SavinFAX-3655', 'Y'),
(9455, 51, 155, 'SavinFAX-3660', 'Y'),
(9456, 51, 155, 'SavinFAX-3670', 'Y'),
(9457, 51, 155, 'SavinFAX-3680', 'Y'),
(9458, 51, 155, 'SavinFAX-3685', 'Y'),
(9459, 51, 155, 'SavinFAX-3687', 'Y'),
(9460, 51, 155, 'SavinFAX-3690', 'Y'),
(9461, 51, 155, 'SavinFAX-3695', 'Y'),
(9462, 51, 155, 'SavinFAX-3699', 'Y'),
(9463, 51, 155, 'SavinFAX-3705', 'Y'),
(9464, 51, 155, 'SavinFAX-3710', 'Y'),
(9465, 51, 155, 'SavinFAX-3720', 'Y'),
(9466, 51, 155, 'SavinFAX-3725', 'Y'),
(9467, 51, 155, 'SavinFAX-3740', 'Y'),
(9468, 51, 155, 'SavinFAX-3740NF', 'Y'),
(9469, 51, 155, 'SavinFAX-3799', 'Y'),
(9470, 51, 155, 'SavinFAX-3810', 'Y'),
(9471, 51, 155, 'SavinFAX-3820', 'Y'),
(9472, 51, 156, 'CLP28', 'Y'),
(9473, 51, 156, 'CLP28D', 'Y'),
(9474, 51, 156, 'CLP28S', 'Y'),
(9475, 51, 156, 'ML-2525W', 'Y'),
(9476, 51, 156, 'ML-2580N', 'Y'),
(9477, 51, 156, 'MLP31N', 'Y'),
(9478, 51, 156, 'MLP36N', 'Y'),
(9479, 51, 156, 'SCX-4600', 'Y'),
(9480, 51, 156, 'SCX-4623F', 'Y'),
(9481, 51, 156, 'SCX-4623FN', 'Y'),
(9482, 51, 156, 'SCX-4623FW', 'Y'),
(9483, 51, 156, 'SF-650', 'Y'),
(9484, 51, 156, 'SF-650P', 'Y'),
(9485, 51, 156, 'SLP38C', 'Y'),
(9486, 51, 156, 'SLP38CD', 'Y'),
(9487, 51, 156, 'SLP38CDE', 'Y'),
(9488, 51, 156, 'SLP38CDL', 'Y'),
(9489, 51, 156, 'SLP38CS', 'Y'),
(9490, 51, 156, 'SLP416C', 'Y'),
(9491, 51, 156, 'SLP45', 'Y'),
(9492, 51, 156, 'SLP45DP', 'Y'),
(9493, 51, 156, 'SLP517C', 'Y'),
(9494, 51, 156, 'SLP517CP', 'Y'),
(9495, 51, 157, '7025', 'Y'),
(9496, 51, 157, '9040', 'Y'),
(9497, 51, 157, '9050', 'Y'),
(9498, 51, 157, '2535P', 'Y'),
(9499, 51, 157, '2545P', 'Y'),
(9500, 51, 157, '3515MF', 'Y'),
(9501, 51, 157, '4022SP', 'Y'),
(9502, 51, 157, '4027SP', 'Y'),
(9503, 51, 157, '4035SP', 'Y'),
(9504, 51, 157, '4045SP', 'Y'),
(9505, 51, 157, '4051SP', 'Y'),
(9506, 51, 157, '4060SP', 'Y'),
(9507, 51, 157, '4075SP', 'Y'),
(9508, 51, 157, '7025SPF', 'Y'),
(9509, 51, 157, '8025SP', 'Y'),
(9510, 51, 157, '8025SPF', 'Y'),
(9511, 51, 157, '8025SPI', 'Y'),
(9512, 51, 157, '8030ESP', 'Y'),
(9513, 51, 157, '8030ESPF', 'Y'),
(9514, 51, 157, '8030SP', 'Y'),
(9515, 51, 157, '8030SPF', 'Y'),
(9516, 51, 157, '8035E', 'Y'),
(9517, 51, 157, '8045E', 'Y'),
(9518, 51, 157, '816MF', 'Y'),
(9519, 51, 157, '9040B', 'Y'),
(9520, 51, 157, '9050B', 'Y'),
(9521, 51, 157, 'AC104', 'Y'),
(9522, 51, 157, 'C2410', 'Y'),
(9523, 51, 157, 'C2410SPF', 'Y'),
(9524, 51, 157, 'C2525', 'Y'),
(9525, 51, 157, 'C3030', 'Y'),
(9526, 51, 157, 'C3224', 'Y'),
(9527, 51, 157, 'C3828', 'Y'),
(9528, 51, 157, 'C4040', 'Y'),
(9529, 51, 157, 'C5050', 'Y'),
(9530, 51, 157, 'C6055', 'Y'),
(9531, 51, 157, 'C7570', 'Y'),
(9532, 51, 157, 'C9020', 'Y'),
(9533, 51, 157, 'C9020L', 'Y'),
(9534, 51, 157, 'C9025', 'Y'),
(9535, 52, 158, '816', 'Y'),
(9536, 52, 158, '3515', 'Y'),
(9537, 52, 158, '3515F', 'Y'),
(9538, 52, 158, '816F', 'Y'),
(9539, 52, 159, 'AL-1000', 'Y'),
(9540, 52, 159, 'AL-1010', 'Y'),
(9541, 52, 159, 'AL-1020', 'Y'),
(9542, 52, 159, 'AL-1041', 'Y'),
(9543, 52, 159, 'AL-1200', 'Y'),
(9544, 52, 159, 'AL-1215', 'Y'),
(9545, 52, 159, 'AL-1220', 'Y'),
(9546, 52, 159, 'AL-1250', 'Y'),
(9547, 52, 159, 'AL-1340', 'Y'),
(9548, 52, 159, 'AL-1451', 'Y'),
(9549, 52, 159, 'AL-1520', 'Y'),
(9550, 52, 159, 'AL-1521', 'Y'),
(9551, 52, 159, 'AL-1530CS', 'Y'),
(9552, 52, 159, 'AL-1540CS', 'Y'),
(9553, 52, 159, 'AL-1551', 'Y'),
(9554, 52, 159, 'AL-1551CS', 'Y'),
(9555, 52, 159, 'AL-1631', 'Y'),
(9556, 52, 159, 'AL-1641CS', 'Y'),
(9557, 52, 159, 'AL-1642CS', 'Y'),
(9558, 52, 159, 'AL-1651CS', 'Y'),
(9559, 52, 159, 'AL-1655CS', 'Y'),
(9560, 52, 159, 'AL-1661CS', 'Y'),
(9561, 52, 159, 'AL-2030', 'Y'),
(9562, 52, 159, 'AL-2040CS', 'Y'),
(9563, 52, 159, 'AL-2050CS', 'Y'),
(9564, 52, 160, '3515MF', 'Y'),
(9565, 52, 160, '816MF', 'Y'),
(9566, 52, 160, 'C3224', 'Y'),
(9567, 52, 160, 'C3828', 'Y'),
(9568, 53, 161, '8026', 'Y'),
(9569, 53, 161, '9022', 'Y'),
(9570, 53, 161, '9025', 'Y'),
(9571, 53, 161, '9025N', 'Y'),
(9572, 53, 161, '9035D', 'Y'),
(9573, 53, 161, '9035DT', 'Y'),
(9574, 53, 161, '9035N', 'Y'),
(9575, 53, 161, '9045N', 'Y'),
(9576, 53, 161, '9330N', 'Y'),
(9577, 53, 161, '9330ND', 'Y'),
(9578, 53, 161, 'AL-1641CS', 'Y'),
(9579, 53, 161, 'AL-1642CS', 'Y'),
(9580, 53, 161, 'AL-1651CS', 'Y'),
(9581, 53, 161, 'AL-1655CS', 'Y'),
(9582, 53, 161, 'AL-1661CS', 'Y'),
(9583, 53, 161, 'AL-2030', 'Y'),
(9584, 53, 161, 'AL-2040CS', 'Y'),
(9585, 53, 161, 'AL-2050CS', 'Y'),
(9586, 53, 161, 'T8306', 'Y'),
(9587, 53, 161, 'T8406', 'Y'),
(9588, 53, 161, 'T9021', 'Y'),
(9589, 53, 161, 'T9112', 'Y'),
(9590, 53, 161, 'T9116', 'Y'),
(9591, 53, 161, 'T9220', 'Y'),
(9592, 53, 161, 'T9220I', 'Y'),
(9593, 53, 161, 'T9220N', 'Y'),
(9594, 54, 162, 'BD1210', 'Y'),
(9595, 54, 162, 'BD1340', 'Y'),
(9596, 54, 162, 'BD1350', 'Y'),
(9597, 54, 162, 'BD1360', 'Y'),
(9598, 54, 162, 'BD1370', 'Y'),
(9599, 54, 162, 'BD1550', 'Y'),
(9600, 54, 162, 'BD1610', 'Y'),
(9601, 54, 162, 'BD1650', 'Y'),
(9602, 54, 162, 'BD1710', 'Y'),
(9603, 54, 162, 'BD2050', 'Y'),
(9604, 54, 162, 'BD2060', 'Y'),
(9605, 54, 162, 'BD2230', 'Y'),
(9606, 54, 162, 'BD2310', 'Y'),
(9607, 54, 162, 'BD2500', 'Y'),
(9608, 54, 162, 'BD2510', 'Y'),
(9609, 54, 162, 'BD2532', 'Y'),
(9610, 54, 162, 'BD2540', 'Y'),
(9611, 54, 162, 'BD2550', 'Y'),
(9612, 54, 162, 'BD2810', 'Y'),
(9613, 54, 162, 'BD2860', 'Y'),
(9614, 54, 162, 'BD3210', 'Y'),
(9615, 54, 162, 'BD3220', 'Y'),
(9616, 54, 162, 'BD3301', 'Y'),
(9617, 54, 162, 'BD3550', 'Y'),
(9618, 54, 162, 'BD3560', 'Y'),
(9619, 54, 162, 'BD3850', 'Y'),
(9620, 54, 162, 'BD4010', 'Y'),
(9621, 54, 162, 'BD4550', 'Y'),
(9622, 54, 162, 'BD4560', 'Y'),
(9623, 54, 162, 'BD4910', 'Y'),
(9624, 54, 162, 'BD5100', 'Y'),
(9625, 54, 162, 'BD5110', 'Y'),
(9626, 54, 162, 'BD5111', 'Y'),
(9627, 54, 162, 'BD5120', 'Y'),
(9628, 54, 162, 'BD5501', 'Y'),
(9629, 54, 162, 'BD5511', 'Y'),
(9630, 54, 162, 'BD5540', 'Y'),
(9631, 54, 162, 'BD5560', 'Y'),
(9632, 54, 162, 'BD5610', 'Y'),
(9633, 54, 162, 'BD5620', 'Y'),
(9634, 54, 162, 'BD6550', 'Y'),
(9635, 54, 162, 'BD6560', 'Y'),
(9636, 54, 162, 'BD7550', 'Y'),
(9637, 54, 162, 'BD7560', 'Y'),
(9638, 54, 162, 'BD7610', 'Y'),
(9639, 54, 162, 'BD7720', 'Y'),
(9640, 54, 162, 'BD7811', 'Y'),
(9641, 54, 162, 'BD7812', 'Y'),
(9642, 54, 162, 'BD7815', 'Y'),
(9643, 54, 162, 'BD7816', 'Y'),
(9644, 54, 162, 'BD7910', 'Y'),
(9645, 54, 162, 'BD8411', 'Y'),
(9646, 54, 162, 'BD8412', 'Y'),
(9647, 54, 162, 'BD8811', 'Y'),
(9648, 54, 162, 'BD8812', 'Y'),
(9649, 54, 163, 'DP1570', 'Y'),
(9650, 54, 163, 'DP1870F', 'Y'),
(9651, 54, 163, 'DP2460', 'Y'),
(9652, 54, 163, 'DP2570', 'Y'),
(9653, 54, 163, 'DP3580', 'Y'),
(9654, 54, 163, 'DP4580', 'Y'),
(9655, 54, 163, 'DP5570', 'Y'),
(9656, 54, 163, 'DP6570', 'Y'),
(9657, 54, 163, 'E-STUDIO-12', 'Y'),
(9658, 54, 163, 'E-STUDIO-120', 'Y'),
(9659, 54, 163, 'E-STUDIO-15', 'Y'),
(9660, 54, 163, 'E-STUDIO-150', 'Y'),
(9661, 54, 163, 'E-STUDIO-16', 'Y'),
(9662, 54, 163, 'E-STUDIO-161', 'Y'),
(9663, 54, 163, 'E-STUDIO-162', 'Y'),
(9664, 54, 163, 'E-STUDIO-162D', 'Y'),
(9665, 54, 163, 'E-STUDIO-163', 'Y'),
(9666, 54, 163, 'E-STUDIO-16S', 'Y'),
(9667, 54, 163, 'E-STUDIO-20', 'Y'),
(9668, 54, 163, 'E-STUDIO-200L', 'Y'),
(9669, 54, 163, 'E-STUDIO-202L', 'Y'),
(9670, 54, 163, 'E-STUDIO-203L', 'Y'),
(9671, 54, 163, 'E-STUDIO-205L', 'Y'),
(9672, 54, 163, 'E-STUDIO-20S', 'Y'),
(9673, 54, 163, 'E-STUDIO-2100C', 'Y'),
(9674, 54, 163, 'E-STUDIO-210C', 'Y'),
(9675, 54, 163, 'E-STUDIO-211C', 'Y'),
(9676, 54, 163, 'E-STUDIO-230', 'Y'),
(9677, 54, 163, 'E-STUDIO-232', 'Y'),
(9678, 54, 163, 'E-STUDIO-233', 'Y'),
(9679, 54, 163, 'E-STUDIO-25', 'Y'),
(9680, 54, 163, 'E-STUDIO-255', 'Y'),
(9681, 54, 163, 'E-STUDIO-25S', 'Y'),
(9682, 54, 163, 'E-STUDIO-28', 'Y'),
(9683, 54, 163, 'E-STUDIO-280', 'Y'),
(9684, 54, 163, 'E-STUDIO-282', 'Y'),
(9685, 54, 163, 'E-STUDIO-283', 'Y'),
(9686, 54, 163, 'E-STUDIO-305', 'Y'),
(9687, 54, 163, 'E-STUDIO-3100C', 'Y'),
(9688, 54, 163, 'E-STUDIO-310C', 'Y'),
(9689, 54, 163, 'E-STUDIO-311C', 'Y'),
(9690, 54, 163, 'E-STUDIO-35', 'Y'),
(9691, 54, 163, 'E-STUDIO-350', 'Y'),
(9692, 54, 163, 'E-STUDIO-352', 'Y'),
(9693, 54, 163, 'E-STUDIO-353', 'Y'),
(9694, 54, 163, 'E-STUDIO-355', 'Y'),
(9695, 54, 163, 'E-STUDIO-45', 'Y'),
(9696, 54, 163, 'E-STUDIO-450', 'Y'),
(9697, 54, 163, 'E-STUDIO-452', 'Y'),
(9698, 54, 163, 'E-STUDIO-453', 'Y'),
(9699, 54, 163, 'E-STUDIO-455', 'Y'),
(9700, 54, 163, 'E-STUDIO-520', 'Y'),
(9701, 54, 163, 'E-STUDIO-523', 'Y'),
(9702, 54, 163, 'E-STUDIO-523T', 'Y'),
(9703, 54, 163, 'E-STUDIO-55', 'Y'),
(9704, 54, 163, 'E-STUDIO-550', 'Y'),
(9705, 54, 163, 'E-STUDIO-600', 'Y'),
(9706, 54, 163, 'E-STUDIO-603', 'Y'),
(9707, 54, 163, 'E-STUDIO-603T', 'Y'),
(9708, 54, 163, 'E-STUDIO-620', 'Y'),
(9709, 54, 163, 'E-STUDIO-65', 'Y'),
(9710, 54, 163, 'E-STUDIO-650', 'Y'),
(9711, 54, 163, 'E-STUDIO-720', 'Y'),
(9712, 54, 163, 'E-STUDIO-723', 'Y'),
(9713, 54, 163, 'E-STUDIO-723T', 'Y'),
(9714, 54, 163, 'E-STUDIO-80', 'Y'),
(9715, 54, 163, 'E-STUDIO-810', 'Y'),
(9716, 54, 163, 'E-STUDIO-850', 'Y'),
(9717, 54, 163, 'E-STUDIO-853', 'Y'),
(9718, 54, 164, 'DP120F', 'Y'),
(9719, 54, 164, 'DP125F', 'Y'),
(9720, 54, 164, 'DP80F', 'Y'),
(9721, 54, 164, 'DP85F', 'Y'),
(9722, 54, 164, 'TF501', 'Y'),
(9723, 54, 164, 'TF505', 'Y'),
(9724, 54, 164, 'TF521', 'Y'),
(9725, 54, 164, 'TF531', 'Y'),
(9726, 54, 164, 'TF551', 'Y'),
(9727, 54, 164, 'TF601', 'Y'),
(9728, 54, 164, 'TF610', 'Y'),
(9729, 54, 164, 'TF621', 'Y'),
(9730, 54, 164, 'TF631', 'Y'),
(9731, 54, 164, 'TF651', 'Y'),
(9732, 54, 164, 'TF671', 'Y'),
(9733, 54, 164, 'TF831', 'Y'),
(9734, 54, 164, 'TF851', 'Y'),
(9735, 54, 164, 'TF856', 'Y'),
(9736, 54, 164, 'TF861', 'Y'),
(9737, 54, 165, 'E-STUDIO-200CP', 'Y'),
(9738, 54, 165, 'E-STUDIO-205CP', 'Y'),
(9739, 54, 165, 'E-STUDIO-220CP', 'Y'),
(9740, 54, 165, 'E-STUDIO-270P', 'Y'),
(9741, 54, 165, 'E-STUDIO-300P', 'Y'),
(9742, 54, 165, 'E-STUDIO-450S', 'Y'),
(9743, 54, 165, 'E-STUDIO-500P', 'Y'),
(9744, 54, 165, 'E-STUDIO-500S', 'Y'),
(9745, 54, 165, 'E-STUDIO-6CP', 'Y'),
(9746, 54, 165, 'LP2500', 'Y'),
(9747, 54, 165, 'LP3500', 'Y'),
(9748, 54, 165, 'T8306', 'Y'),
(9749, 54, 165, 'T8406', 'Y'),
(9750, 54, 165, 'T9021', 'Y'),
(9751, 54, 165, 'T9114', 'Y'),
(9752, 54, 165, 'T9412', 'Y'),
(9753, 54, 166, 'E-STUDIO-120', 'Y'),
(9754, 54, 166, 'E-STUDIO-150', 'Y'),
(9755, 54, 166, 'E-STUDIO-162', 'Y'),
(9756, 54, 166, 'E-STUDIO-162D', 'Y'),
(9757, 54, 166, 'E-STUDIO-165', 'Y'),
(9758, 54, 166, 'E-STUDIO-170F', 'Y'),
(9759, 54, 166, 'E-STUDIO-190F', 'Y'),
(9760, 54, 166, 'E-STUDIO-2500C', 'Y'),
(9761, 54, 166, 'E-STUDIO-281C', 'Y'),
(9762, 54, 166, 'E-STUDIO-2830C', 'Y'),
(9763, 54, 166, 'E-STUDIO-3500C', 'Y'),
(9764, 54, 166, 'E-STUDIO-3510C', 'Y'),
(9765, 54, 166, 'E-STUDIO-3511', 'Y'),
(9766, 54, 166, 'E-STUDIO-351C', 'Y'),
(9767, 54, 166, 'E-STUDIO-3530C', 'Y'),
(9768, 54, 166, 'E-STUDIO-4511', 'Y'),
(9769, 54, 166, 'E-STUDIO-451C', 'Y'),
(9770, 54, 166, 'E-STUDIO-4520C', 'Y'),
(9771, 54, 166, 'E-STUDIO-50F', 'Y'),
(9772, 55, 167, '1012', 'Y'),
(9773, 55, 167, '1065', 'Y'),
(9774, 55, 167, '1075', 'Y'),
(9775, 55, 167, '1090', 'Y'),
(9776, 55, 167, '2515', 'Y'),
(9777, 55, 167, '2520', 'Y'),
(9778, 55, 167, '4235', 'Y'),
(9779, 55, 167, '5009', 'Y'),
(9780, 55, 167, '5012', 'Y'),
(9781, 55, 167, '5014', 'Y'),
(9782, 55, 167, '5016', 'Y'),
(9783, 55, 167, '5018', 'Y'),
(9784, 55, 167, '5021', 'Y'),
(9785, 55, 167, '5028', 'Y'),
(9786, 55, 167, '5034', 'Y'),
(9787, 55, 167, '5046', 'Y'),
(9788, 55, 167, '5065', 'Y'),
(9789, 55, 167, '5100', 'Y'),
(9790, 55, 167, '5113', 'Y'),
(9791, 55, 167, '5114', 'Y'),
(9792, 55, 167, '5126', 'Y'),
(9793, 55, 167, '5201', 'Y'),
(9794, 55, 167, '5203', 'Y'),
(9795, 55, 167, '5205', 'Y'),
(9796, 55, 167, '5220', 'Y'),
(9797, 55, 167, '5222', 'Y'),
(9798, 55, 167, '5305', 'Y'),
(9799, 55, 167, '5306', 'Y'),
(9800, 55, 167, '5307', 'Y'),
(9801, 55, 167, '5308', 'Y'),
(9802, 55, 167, '5309', 'Y'),
(9803, 55, 167, '5310', 'Y'),
(9804, 55, 167, '5312', 'Y'),
(9805, 55, 167, '5314', 'Y'),
(9806, 55, 167, '5318', 'Y'),
(9807, 55, 167, '5320', 'Y'),
(9808, 55, 167, '5321', 'Y'),
(9809, 55, 167, '5322', 'Y'),
(9810, 55, 167, '5328', 'Y'),
(9811, 55, 167, '5334', 'Y'),
(9812, 55, 167, '5335', 'Y'),
(9813, 55, 167, '5337', 'Y'),
(9814, 55, 167, '5338', 'Y'),
(9815, 55, 167, '5340', 'Y'),
(9816, 55, 167, '5343', 'Y'),
(9817, 55, 167, '5345', 'Y'),
(9818, 55, 167, '5350', 'Y'),
(9819, 55, 167, '5352', 'Y'),
(9820, 55, 167, '5355', 'Y'),
(9821, 55, 167, '5365', 'Y'),
(9822, 55, 167, '5380', 'Y'),
(9823, 55, 167, '5385', 'Y'),
(9824, 55, 167, '5388', 'Y'),
(9825, 55, 167, '5437', 'Y'),
(9826, 55, 167, '5441', 'Y'),
(9827, 55, 167, '5451', 'Y'),
(9828, 55, 167, '5614', 'Y'),
(9829, 55, 167, '5624', 'Y'),
(9830, 55, 167, '5626', 'Y'),
(9831, 55, 167, '5680', 'Y'),
(9832, 55, 167, '5800', 'Y'),
(9833, 55, 167, '5818', 'Y'),
(9834, 55, 167, '5820', 'Y'),
(9835, 55, 167, '5828', 'Y'),
(9836, 55, 167, '5830', 'Y'),
(9837, 55, 167, '5837', 'Y'),
(9838, 55, 167, '5855', 'Y'),
(9839, 55, 167, '5892', 'Y'),
(9840, 55, 167, '5895', 'Y'),
(9841, 55, 167, '9210', 'Y'),
(9842, 55, 167, '9500', 'Y'),
(9843, 55, 167, '9900', 'Y'),
(9844, 55, 167, '5009RE', 'Y'),
(9845, 55, 167, '5011RE', 'Y'),
(9846, 55, 167, '5016ZT', 'Y'),
(9847, 55, 167, '5126ZT', 'Y'),
(9848, 55, 167, '5614Z', 'Y'),
(9849, 55, 167, '5845C', 'Y'),
(9850, 55, 167, '5855C', 'Y'),
(9851, 55, 167, '9500VR', 'Y'),
(9852, 55, 167, 'DOCULINK-4700', 'Y'),
(9853, 55, 167, 'DOCULINK-5090', 'Y'),
(9854, 55, 167, 'DOCULINK-5390', 'Y'),
(9855, 55, 167, 'DOCULINK-5690', 'Y'),
(9856, 55, 167, 'DOCULINK-5775', 'Y'),
(9857, 55, 167, 'DOCUTECH-135', 'Y'),
(9858, 55, 167, 'VIVACE-400', 'Y'),
(9859, 55, 167, 'VIVACE-450', 'Y'),
(9860, 55, 167, 'VIVACE-500', 'Y'),
(9861, 55, 167, 'VIVACE-550', 'Y'),
(9862, 55, 167, 'XC1875', 'Y'),
(9863, 55, 167, 'XC23A', 'Y'),
(9864, 55, 167, 'XC23AS', 'Y'),
(9865, 55, 167, 'XC2675', 'Y'),
(9866, 55, 167, 'XC33AD', 'Y'),
(9867, 55, 167, 'XC33AS', 'Y'),
(9868, 55, 167, 'XC33D', 'Y'),
(9869, 55, 167, 'XC351', 'Y'),
(9870, 55, 167, 'XC355', 'Y'),
(9871, 55, 167, 'XC356', 'Y'),
(9872, 55, 167, 'XC520', 'Y'),
(9873, 55, 167, 'XC540', 'Y'),
(9874, 55, 167, 'XC560', 'Y'),
(9875, 55, 167, 'XC580', 'Y'),
(9876, 55, 167, 'XDL23', 'Y'),
(9877, 55, 167, 'XDL33', 'Y'),
(9878, 55, 167, 'XDL33D', 'Y'),
(9879, 55, 168, '3030', 'Y'),
(9880, 55, 168, '3040', 'Y'),
(9881, 55, 168, '3050', 'Y'),
(9882, 55, 168, '3060', 'Y'),
(9883, 55, 168, '4110', 'Y'),
(9884, 55, 168, '4112', 'Y'),
(9885, 55, 168, '4127', 'Y'),
(9886, 55, 168, '4590', 'Y'),
(9887, 55, 168, '4595', 'Y'),
(9888, 55, 168, 'COPYCENTRE-232', 'Y'),
(9889, 55, 168, 'COPYCENTRE-238', 'Y'),
(9890, 55, 168, 'COPYCENTRE-245', 'Y'),
(9891, 55, 168, 'COPYCENTRE-255', 'Y'),
(9892, 55, 168, 'COPYCENTRE-265', 'Y'),
(9893, 55, 168, 'COPYCENTRE-275', 'Y'),
(9894, 55, 168, 'COPYCENTRE-C118', 'Y'),
(9895, 55, 168, 'COPYCENTRE-C123', 'Y'),
(9896, 55, 168, 'COPYCENTRE-C128', 'Y'),
(9897, 55, 168, 'COPYCENTRE-C133', 'Y'),
(9898, 55, 168, 'COPYCENTRE-C165', 'Y'),
(9899, 55, 168, 'COPYCENTRE-C175', 'Y'),
(9900, 55, 168, 'COPYCENTRE-C20', 'Y'),
(9901, 55, 168, 'COPYCENTRE-C2128', 'Y'),
(9902, 55, 168, 'COPYCENTRE-C2636', 'Y'),
(9903, 55, 168, 'COPYCENTRE-C32', 'Y'),
(9904, 55, 168, 'COPYCENTRE-C35', 'Y'),
(9905, 55, 168, 'COPYCENTRE-C3545', 'Y'),
(9906, 55, 168, 'COPYCENTRE-C40', 'Y'),
(9907, 55, 168, 'COPYCENTRE-C45', 'Y'),
(9908, 55, 168, 'COPYCENTRE-C55', 'Y'),
(9909, 55, 168, 'DOC-CENTRE-212DC', 'Y'),
(9910, 55, 168, 'DOC-CENTRE-214DC', 'Y'),
(9911, 55, 168, 'DOC-CENTRE-220', 'Y'),
(9912, 55, 168, 'DOC-CENTRE-230', 'Y'),
(9913, 55, 168, 'DOC-CENTRE-240', 'Y'),
(9914, 55, 168, 'DOC-CENTRE-255', 'Y'),
(9915, 55, 168, 'DOC-CENTRE-265', 'Y'),
(9916, 55, 168, 'DOC-CENTRE-332', 'Y'),
(9917, 55, 168, 'DOC-CENTRE-340', 'Y'),
(9918, 55, 168, 'DOC-CENTRE-425', 'Y'),
(9919, 55, 168, 'DOC-CENTRE-426', 'Y'),
(9920, 55, 168, 'DOC-CENTRE-432', 'Y'),
(9921, 55, 168, 'DOC-CENTRE-440', 'Y'),
(9922, 55, 168, 'DOC-CENTRE-460', 'Y'),
(9923, 55, 168, 'DOC-CENTRE-470', 'Y'),
(9924, 55, 168, 'DOC-CENTRE-480', 'Y'),
(9925, 55, 168, 'DOC-CENTRE-535', 'Y'),
(9926, 55, 168, 'DOC-CENTRE-545', 'Y'),
(9927, 55, 168, 'DOC-CENTRE-555', 'Y'),
(9928, 55, 168, 'DOC-CENTRE-C50', 'Y'),
(9929, 55, 168, 'DOCUCOLOR-12', 'Y'),
(9930, 55, 168, 'DOCUCOLOR-1632', 'Y'),
(9931, 55, 168, 'DOCUCOLOR-2006', 'Y'),
(9932, 55, 168, 'DOCUCOLOR-2045', 'Y'),
(9933, 55, 168, 'DOCUCOLOR-2060', 'Y'),
(9934, 55, 168, 'DOCUCOLOR-2240', 'Y'),
(9935, 55, 168, 'DOCUCOLOR-240', 'Y'),
(9936, 55, 168, 'DOCUCOLOR-242', 'Y'),
(9937, 55, 168, 'DOCUCOLOR-250', 'Y'),
(9938, 55, 168, 'DOCUCOLOR-252', 'Y'),
(9939, 55, 168, 'DOCUCOLOR-3535', 'Y'),
(9940, 55, 168, 'DOCUCOLOR-5252', 'Y'),
(9941, 55, 168, 'DOCUCOLOR-6060', 'Y'),
(9942, 55, 168, 'WORKCENTRE-XD100', 'Y'),
(9943, 55, 168, 'WORKCENTRE-XD102', 'Y'),
(9944, 55, 168, 'WORKCENTRE-XD103F', 'Y'),
(9945, 55, 168, 'WORKCENTRE-XD105F', 'Y'),
(9946, 55, 168, 'WORKCENTRE-XD120F', 'Y'),
(9947, 55, 168, 'WORKCENTRE-XD125F', 'Y'),
(9948, 55, 168, 'WORKCENTRE-XD130DF', 'Y'),
(9949, 55, 168, 'WORKCENTRE-XD155DF', 'Y'),
(9950, 55, 168, 'WORKCENTRE-XE60', 'Y'),
(9951, 55, 168, 'WORKCENTRE-XE62', 'Y'),
(9952, 55, 168, 'WORKCENTRE-XE80', 'Y'),
(9953, 55, 168, 'WORKCENTRE-XE88', 'Y'),
(9954, 55, 168, 'WORKCENTRE-XE90FX', 'Y'),
(9955, 55, 168, 'WORKCENTRE-XL1200W', 'Y'),
(9956, 55, 168, 'WORKCENTRE-XL1300F', 'Y'),
(9957, 55, 168, 'WORKCENTRE-XL1400DF', 'Y'),
(9958, 55, 168, 'WORKCENTRE-XL2120', 'Y'),
(9959, 55, 168, 'WORKCENTRE-XL2130F', 'Y'),
(9960, 55, 168, 'WORKCENTRE-XL2140DF', 'Y'),
(9961, 55, 169, '7041', 'Y'),
(9962, 55, 169, '7042', 'Y'),
(9963, 55, 169, '7041EM', 'Y'),
(9964, 55, 169, '7042EM', 'Y'),
(9965, 55, 169, 'DP80F', 'Y'),
(9966, 55, 169, 'DP85F', 'Y'),
(9967, 55, 169, 'FAXCENTRE-2121', 'Y'),
(9968, 55, 169, 'FAXCENTRE-2121L', 'Y'),
(9969, 55, 169, 'FAXCENTRE-2218', 'Y'),
(9970, 55, 169, 'FAXCENTRE-F110', 'Y'),
(9971, 55, 169, 'FAXCENTRE-F116', 'Y'),
(9972, 55, 169, 'FAXCENTRE-F116L', 'Y'),
(9973, 55, 169, 'FAXCENTRE-F12', 'Y'),
(9974, 55, 169, 'FAXCENTRE-PRO-735', 'Y'),
(9975, 55, 169, 'WORKCENTRE-PRO-535', 'Y'),
(9976, 55, 169, 'WORKCENTRE-PRO-545', 'Y'),
(9977, 55, 169, 'WORKCENTRE-PRO-635', 'Y'),
(9978, 55, 169, 'WORKCENTRE-PRO-645', 'Y'),
(9979, 55, 169, 'WORKCENTRE-PRO-657', 'Y'),
(9980, 55, 169, 'WORKCENTRE-PRO-665', 'Y'),
(9981, 55, 169, 'WORKCENTRE-PRO-685', 'Y'),
(9982, 55, 169, 'WORKCENTRE-PRO-745', 'Y'),
(9983, 55, 169, 'WORKCENTRE-PRO-765', 'Y'),
(9984, 55, 169, 'WORKCENTRE-PRO-785', 'Y'),
(9985, 55, 170, '7020', 'Y'),
(9986, 55, 170, '7021', 'Y'),
(9987, 55, 170, '7024', 'Y'),
(9988, 55, 170, '7032', 'Y'),
(9989, 55, 170, '7033', 'Y'),
(9990, 55, 170, '7280', 'Y');
INSERT INTO `printer_models` (`model_id`, `man_id`, `type_id`, `model_text`, `avaiability`) VALUES
(9991, 55, 171, 'E-STUDIO-360CP', 'Y'),
(9992, 55, 171, 'Phaser-6180DN', 'Y'),
(9993, 55, 171, 'Phaser-6180-MFP-D', 'Y'),
(9994, 55, 171, 'Phaser-6180-MFP-N', 'Y'),
(9995, 55, 171, 'Phaser-6180N', 'Y'),
(9996, 55, 171, 'XC-1020', 'Y'),
(9997, 55, 171, 'XC-1033', 'Y'),
(9998, 55, 171, 'XC-1040', 'Y'),
(9999, 55, 171, 'XC-1044', 'Y'),
(10000, 55, 171, 'XC-1045', 'Y'),
(10001, 55, 171, 'XC-1245', 'Y'),
(10002, 55, 171, 'XC-1255', 'Y'),
(10003, 55, 171, 'XC-810', 'Y'),
(10004, 55, 171, 'XC-811', 'Y'),
(10005, 55, 171, 'XC-820', 'Y'),
(10006, 55, 171, 'XC-822', 'Y'),
(10007, 55, 171, 'XC-830', 'Y'),
(10008, 55, 171, 'XC-865', 'Y'),
(10009, 55, 171, 'XC-875', 'Y'),
(10010, 55, 172, 'E-STUDIO-170F', 'Y'),
(10011, 55, 172, 'E-STUDIO-50F', 'Y'),
(10012, 55, 172, 'PHASER-3100MFPS', 'Y'),
(10013, 55, 172, 'PHASER-3100MFPX', 'Y'),
(10014, 55, 172, 'PHASER-6115', 'Y'),
(10015, 55, 172, 'PHASER-6115MFP', 'Y'),
(10016, 55, 172, 'PHASER-6128MFP', 'Y'),
(10017, 55, 172, 'PHASER-6180MFPD', 'Y'),
(10018, 55, 172, 'PHASER-6180MFPN', 'Y'),
(10019, 55, 172, 'WORKCENTRE-232-PRO-232', 'Y'),
(10020, 55, 172, 'WORKCENTRE-238-PRO-238', 'Y'),
(10021, 55, 172, 'WORKCENTRE-245-PRO-245', 'Y'),
(10022, 55, 172, 'WORKCENTRE-255-PRO-255', 'Y'),
(10023, 55, 172, 'WORKCENTRE-265-PRO-265', 'Y'),
(10024, 55, 172, 'WORKCENTRE-275-PRO-275', 'Y'),
(10025, 55, 172, 'WORKCENTRE-3210N', 'Y'),
(10026, 55, 172, 'WORKCENTRE-3220DN', 'Y'),
(10027, 55, 172, 'WORKCENTRE-3550', 'Y'),
(10028, 55, 172, 'WORKCENTRE-385', 'Y'),
(10029, 55, 172, 'WORKCENTRE-390', 'Y'),
(10030, 55, 172, 'WORKCENTRE-4118P', 'Y'),
(10031, 55, 172, 'WORKCENTRE-4118X', 'Y'),
(10032, 55, 172, 'WORKCENTRE-4150', 'Y'),
(10033, 55, 172, 'WORKCENTRE-4250', 'Y'),
(10034, 55, 172, 'WORKCENTRE-4260', 'Y'),
(10035, 55, 172, 'WORKCENTRE-450C', 'Y'),
(10036, 55, 172, 'WORKCENTRE-450CP', 'Y'),
(10037, 55, 172, 'WORKCENTRE-5030', 'Y'),
(10038, 55, 172, 'WORKCENTRE-5050', 'Y'),
(10039, 55, 172, 'WORKCENTRE-5150', 'Y'),
(10040, 55, 172, 'WORKCENTRE-6400S', 'Y'),
(10041, 55, 172, 'WORKCENTRE-6400X', 'Y'),
(10042, 55, 172, 'WORKCENTRE-6400XF', 'Y'),
(10043, 55, 172, 'WORKCENTRE-6505DN', 'Y'),
(10044, 55, 172, 'WORKCENTRE-6505N', 'Y'),
(10045, 55, 172, 'WORKCENTRE-7120', 'Y'),
(10046, 55, 172, 'WORKCENTRE-7132', 'Y'),
(10047, 55, 172, 'WORKCENTRE-7232', 'Y'),
(10048, 55, 172, 'WORKCENTRE-7242', 'Y'),
(10049, 55, 172, 'WORKCENTRE-7328', 'Y'),
(10050, 55, 172, 'WORKCENTRE-7335', 'Y'),
(10051, 55, 172, 'WORKCENTRE-7345', 'Y'),
(10052, 55, 172, 'WORKCENTRE-7425', 'Y'),
(10053, 55, 172, 'WORKCENTRE-7428', 'Y'),
(10054, 55, 172, 'WORKCENTRE-7435', 'Y'),
(10055, 55, 172, 'WORKCENTRE-7655', 'Y'),
(10056, 55, 172, 'WORKCENTRE-7665', 'Y'),
(10057, 55, 172, 'WORKCENTRE-7675', 'Y'),
(10058, 55, 172, 'WORKCENTRE-M118', 'Y'),
(10059, 55, 172, 'WORKCENTRE-M118I', 'Y'),
(10060, 55, 172, 'WORKCENTRE-M123-PRO-123', 'Y'),
(10061, 55, 172, 'WORKCENTRE-M128-PRO-128', 'Y'),
(10062, 55, 172, 'WORKCENTRE-M133-PRO-133', 'Y'),
(10063, 55, 172, 'WORKCENTRE-M15', 'Y'),
(10064, 55, 172, 'WORKCENTRE-M15I', 'Y'),
(10065, 55, 172, 'WORKCENTRE-M165-PRO-165', 'Y'),
(10066, 55, 172, 'WORKCENTRE-M175-PRO-175', 'Y'),
(10067, 55, 172, 'WORKCENTRE-M20', 'Y'),
(10068, 55, 172, 'WORKCENTRE-M20I', 'Y'),
(10069, 55, 172, 'WORKCENTRE-M24', 'Y'),
(10070, 55, 172, 'WORKCENTRE-M35-PRO-35', 'Y'),
(10071, 55, 172, 'WORKCENTRE-M45-PRO-45', 'Y'),
(10072, 55, 172, 'WORKCENTRE-M55-PRO-55', 'Y'),
(10073, 55, 172, 'WORKCENTRE-PE120', 'Y'),
(10074, 55, 172, 'WORKCENTRE-PE120I', 'Y'),
(10075, 55, 172, 'WORKCENTRE-PE16', 'Y'),
(10076, 55, 172, 'WORKCENTRE-PE220', 'Y'),
(10077, 55, 172, 'WORKCENTRE-PRO-16FX', 'Y'),
(10078, 55, 172, 'WORKCENTRE-PRO-215', 'Y'),
(10079, 55, 172, 'WORKCENTRE-PRO-32', 'Y'),
(10080, 55, 172, 'WORKCENTRE-PRO-40', 'Y'),
(10081, 55, 172, 'WORKCENTRE-PRO-412', 'Y'),
(10082, 55, 172, 'WORKCENTRE-PRO-416', 'Y'),
(10083, 55, 172, 'WORKCENTRE-PRO-416PI', 'Y'),
(10084, 55, 172, 'WORKCENTRE-PRO-416SI', 'Y'),
(10085, 55, 172, 'WORKCENTRE-PRO-555', 'Y'),
(10086, 55, 172, 'WORKCENTRE-PRO-575', 'Y'),
(10087, 55, 172, 'WORKCENTRE-PRO-580', 'Y'),
(10088, 55, 172, 'WORKCENTRE-PRO-C2128', 'Y'),
(10089, 55, 172, 'WORKCENTRE-PRO-C2636', 'Y'),
(10090, 55, 172, 'WORKCENTRE-PRO-C3545', 'Y'),
(10091, 55, 172, 'WORKCENTRE-XI70C', 'Y'),
(10092, 55, 173, 'DOCUPRINT-C11', 'Y'),
(10093, 55, 173, 'DOCUPRINT-C15', 'Y'),
(10094, 55, 173, 'DOCUPRINT-C20', 'Y'),
(10095, 55, 173, 'DOCUPRINT-C6', 'Y'),
(10096, 55, 173, 'DOCUPRINT-C8', 'Y'),
(10097, 55, 173, 'DOCUPRINT-NC20', 'Y'),
(10098, 55, 173, 'DOCUPRINT-XJ4C', 'Y'),
(10099, 55, 173, 'DOCUPRINT-XJ6C', 'Y'),
(10100, 55, 173, 'DOCUPRINT-XJ9C', 'Y'),
(10101, 55, 174, '4050', 'Y'),
(10102, 55, 174, '4065', 'Y'),
(10103, 55, 174, '4090', 'Y'),
(10104, 55, 174, '4400', 'Y'),
(10105, 55, 174, '4650', 'Y'),
(10106, 55, 174, '8825', 'Y'),
(10107, 55, 174, '8830', 'Y'),
(10108, 55, 174, '8700V', 'Y'),
(10109, 55, 174, '8790V', 'Y'),
(10110, 55, 174, '9700V', 'Y'),
(10111, 55, 174, '9790V', 'Y'),
(10112, 55, 174, 'DOCUPRINT-4135', 'Y'),
(10113, 55, 174, 'DOCUPRINT-4635', 'Y'),
(10114, 55, 174, 'DOCUPRINT-4850', 'Y'),
(10115, 55, 174, 'DOCUPRINT-4890', 'Y'),
(10116, 55, 174, 'DOCUPRINT-92C', 'Y'),
(10117, 55, 174, 'DOCUPRINT-N2125DT', 'Y'),
(10118, 55, 174, 'DOCUPRINT-N2125DX', 'Y'),
(10119, 55, 174, 'DOCUPRINT-N2125N', 'Y'),
(10120, 55, 174, 'DOCUPRINT-N24', 'Y'),
(10121, 55, 174, 'DOCUPRINT-N32', 'Y'),
(10122, 55, 174, 'DOCUPRINT-N40', 'Y'),
(10123, 55, 174, 'DOCUPRINT-N4525', 'Y'),
(10124, 55, 174, 'DOCUPRINT-P8', 'Y'),
(10125, 55, 174, 'DOCUPRINT-P8E', 'Y'),
(10126, 55, 174, 'DOCUPRINT-P8EX', 'Y'),
(10127, 55, 174, 'PHASER-1235DT', 'Y'),
(10128, 55, 174, 'PHASER-1235DX', 'Y'),
(10129, 55, 174, 'PHASER-1235N', 'Y'),
(10130, 55, 174, 'PHASER-2135DT', 'Y'),
(10131, 55, 174, 'PHASER-2135DX', 'Y'),
(10132, 55, 174, 'PHASER-2135N', 'Y'),
(10133, 55, 174, 'PHASER-3115', 'Y'),
(10134, 55, 174, 'PHASER-3117', 'Y'),
(10135, 55, 174, 'PHASER-3120', 'Y'),
(10136, 55, 174, 'PHASER-3121', 'Y'),
(10137, 55, 174, 'PHASER-3122', 'Y'),
(10138, 55, 174, 'PHASER-3124', 'Y'),
(10139, 55, 174, 'PHASER-3125', 'Y'),
(10140, 55, 174, 'PHASER-3130', 'Y'),
(10141, 55, 174, 'PHASER-3150', 'Y'),
(10142, 55, 174, 'PHASER-3200B', 'Y'),
(10143, 55, 174, 'PHASER-3200N', 'Y'),
(10144, 55, 174, 'PHASER-3250', 'Y'),
(10145, 55, 174, 'PHASER-3400B', 'Y'),
(10146, 55, 174, 'PHASER-3400N', 'Y'),
(10147, 55, 174, 'PHASER-3450B', 'Y'),
(10148, 55, 174, 'PHASER-3450D', 'Y'),
(10149, 55, 174, 'PHASER-3450DN', 'Y'),
(10150, 55, 174, 'PHASER-3500B', 'Y'),
(10151, 55, 174, 'PHASER-3500DN', 'Y'),
(10152, 55, 174, 'PHASER-3500N', 'Y'),
(10153, 55, 174, 'PHASER-3600B', 'Y'),
(10154, 55, 174, 'PHASER-3600DN', 'Y'),
(10155, 55, 174, 'PHASER-3600N', 'Y'),
(10156, 55, 174, 'PHASER-3635MFPS', 'Y'),
(10157, 55, 174, 'PHASER-3635MFPX', 'Y'),
(10158, 55, 174, 'PHASER-3635S', 'Y'),
(10159, 55, 174, 'PHASER-3635X', 'Y'),
(10160, 55, 174, 'PHASER-4400B', 'Y'),
(10161, 55, 174, 'PHASER-4400DT', 'Y'),
(10162, 55, 174, 'PHASER-4400DX', 'Y'),
(10163, 55, 174, 'PHASER-4400N', 'Y'),
(10164, 55, 174, 'PHASER-4500B', 'Y'),
(10165, 55, 174, 'PHASER-4500DT', 'Y'),
(10166, 55, 174, 'PHASER-4500DX', 'Y'),
(10167, 55, 174, 'PHASER-4500N', 'Y'),
(10168, 55, 174, 'PHASER-4510B', 'Y'),
(10169, 55, 174, 'PHASER-4510DT', 'Y'),
(10170, 55, 174, 'PHASER-4510DX', 'Y'),
(10171, 55, 174, 'PHASER-4510N', 'Y'),
(10172, 55, 174, 'PHASER-5400DT', 'Y'),
(10173, 55, 174, 'PHASER-5400DX', 'Y'),
(10174, 55, 174, 'PHASER-5400N', 'Y'),
(10175, 55, 174, 'PHASER-5500B', 'Y'),
(10176, 55, 174, 'PHASER-5500DN', 'Y'),
(10177, 55, 174, 'PHASER-5500DT', 'Y'),
(10178, 55, 174, 'PHASER-5500DX', 'Y'),
(10179, 55, 174, 'PHASER-5500N', 'Y'),
(10180, 55, 174, 'PHASER-5550B', 'Y'),
(10181, 55, 174, 'PHASER-5550DN', 'Y'),
(10182, 55, 174, 'PHASER-5550DT', 'Y'),
(10183, 55, 174, 'PHASER-5550N', 'Y'),
(10184, 55, 174, 'PHASER-560', 'Y'),
(10185, 55, 174, 'PHASER-6000', 'Y'),
(10186, 55, 174, 'PHASER-6100BD', 'Y'),
(10187, 55, 174, 'PHASER-6100DN', 'Y'),
(10188, 55, 174, 'PHASER-6110', 'Y'),
(10189, 55, 174, 'PHASER-6110N', 'Y'),
(10190, 55, 174, 'PHASER-6120N', 'Y'),
(10191, 55, 174, 'PHASER-6125', 'Y'),
(10192, 55, 174, 'PHASER-6130', 'Y'),
(10193, 55, 174, 'PHASER-6140DN', 'Y'),
(10194, 55, 174, 'PHASER-6140N', 'Y'),
(10195, 55, 174, 'PHASER-6180DN', 'Y'),
(10196, 55, 174, 'PHASER-6180N', 'Y'),
(10197, 55, 174, 'PHASER-6200B', 'Y'),
(10198, 55, 174, 'PHASER-6200DP', 'Y'),
(10199, 55, 174, 'PHASER-6200DX', 'Y'),
(10200, 55, 174, 'PHASER-6200N', 'Y'),
(10201, 55, 174, 'PHASER-6220', 'Y'),
(10202, 55, 174, 'PHASER-6250B', 'Y'),
(10203, 55, 174, 'PHASER-6250DP', 'Y'),
(10204, 55, 174, 'PHASER-6250DT', 'Y'),
(10205, 55, 174, 'PHASER-6250DX', 'Y'),
(10206, 55, 174, 'PHASER-6250N', 'Y'),
(10207, 55, 174, 'PHASER-6280DN', 'Y'),
(10208, 55, 174, 'PHASER-6280N', 'Y'),
(10209, 55, 174, 'PHASER-6300DN', 'Y'),
(10210, 55, 174, 'PHASER-6300N', 'Y'),
(10211, 55, 174, 'PHASER-6350DP', 'Y'),
(10212, 55, 174, 'PHASER-6350DT', 'Y'),
(10213, 55, 174, 'PHASER-6350DX', 'Y'),
(10214, 55, 174, 'PHASER-6360DN', 'Y'),
(10215, 55, 174, 'PHASER-6360DT', 'Y'),
(10216, 55, 174, 'PHASER-6360DX', 'Y'),
(10217, 55, 174, 'PHASER-6360N', 'Y'),
(10218, 55, 174, 'PHASER-6500', 'Y'),
(10219, 55, 174, 'PHASER-6500DN', 'Y'),
(10220, 55, 174, 'PHASER-6500N', 'Y'),
(10221, 55, 174, 'PHASER-7300B', 'Y'),
(10222, 55, 174, 'PHASER-7300DN', 'Y'),
(10223, 55, 174, 'PHASER-7300DT', 'Y'),
(10224, 55, 174, 'PHASER-7300DX', 'Y'),
(10225, 55, 174, 'PHASER-7300N', 'Y'),
(10226, 55, 174, 'PHASER-7400DN', 'Y'),
(10227, 55, 174, 'PHASER-7400DX', 'Y'),
(10228, 55, 174, 'PHASER-7400N', 'Y'),
(10229, 55, 174, 'PHASER-7500DN', 'Y'),
(10230, 55, 174, 'PHASER-7500DT', 'Y'),
(10231, 55, 174, 'PHASER-7500DX', 'Y'),
(10232, 55, 174, 'PHASER-7500N', 'Y'),
(10233, 55, 174, 'PHASER-750DP', 'Y'),
(10234, 55, 174, 'PHASER-750DX', 'Y'),
(10235, 55, 174, 'PHASER-750N', 'Y'),
(10236, 55, 174, 'PHASER-750P', 'Y'),
(10237, 55, 174, 'PHASER-7700DN', 'Y'),
(10238, 55, 174, 'PHASER-7700DX', 'Y'),
(10239, 55, 174, 'PHASER-7700GX', 'Y'),
(10240, 55, 174, 'PHASER-7750B', 'Y'),
(10241, 55, 174, 'PHASER-7750DN', 'Y'),
(10242, 55, 174, 'PHASER-7750GX', 'Y'),
(10243, 55, 174, 'PHASER-7760DN', 'Y'),
(10244, 55, 174, 'PHASER-7760DX', 'Y'),
(10245, 55, 174, 'PHASER-7760GX', 'Y'),
(10246, 55, 174, 'PHASER-780GN', 'Y'),
(10247, 55, 174, 'PHASER-780N', 'Y'),
(10248, 55, 174, 'PHASER-780P', 'Y'),
(10249, 55, 174, 'PHASER-790DP', 'Y'),
(10250, 55, 174, 'PHASER-790N', 'Y'),
(10251, 55, 175, 'COLORQUBE-8570DN', 'Y'),
(10252, 55, 175, 'COLORQUBE-8570DT', 'Y'),
(10253, 55, 175, 'COLORQUBE-8570N', 'Y'),
(10254, 55, 175, 'COLORQUBE-8870DN', 'Y'),
(10255, 55, 175, 'PHASER-8200B', 'Y'),
(10256, 55, 175, 'PHASER-8200DP', 'Y'),
(10257, 55, 175, 'PHASER-8200N', 'Y'),
(10258, 55, 175, 'PHASER-8222DX', 'Y'),
(10259, 55, 175, 'PHASER-8400B', 'Y'),
(10260, 55, 175, 'PHASER-8400DP', 'Y'),
(10261, 55, 175, 'PHASER-8400DX', 'Y'),
(10262, 55, 175, 'PHASER-8400N', 'Y'),
(10263, 55, 175, 'PHASER-8500DN', 'Y'),
(10264, 55, 175, 'PHASER-8500N', 'Y'),
(10265, 55, 175, 'PHASER-8550DP', 'Y'),
(10266, 55, 175, 'PHASER-8550DT', 'Y'),
(10267, 55, 175, 'PHASER-8550DX', 'Y'),
(10268, 55, 175, 'PHASER-8560DN', 'Y'),
(10269, 55, 175, 'PHASER-8560DT', 'Y'),
(10270, 55, 175, 'PHASER-8560DX', 'Y'),
(10271, 55, 175, 'PHASER-8560MFP', 'Y'),
(10272, 55, 175, 'PHASER-8560N', 'Y'),
(10273, 55, 175, 'PHASER-860B', 'Y'),
(10274, 55, 175, 'PHASER-860DP', 'Y'),
(10275, 55, 175, 'PHASER-860DX', 'Y'),
(10276, 55, 175, 'PHASER-860N', 'Y'),
(10277, 55, 175, 'PHASER-8860', 'Y'),
(10278, 55, 175, 'PHASER-8860DN', 'Y'),
(10279, 55, 175, 'WORKCENTRE-C2424DP', 'Y'),
(10280, 55, 175, 'WORKCENTRE-C2424DT', 'Y'),
(10281, 55, 175, 'WORKCENTRE-C2424DX', 'Y'),
(10282, 55, 176, '6030', 'Y'),
(10283, 55, 176, '6050', 'Y'),
(10284, 55, 176, '6204', 'Y'),
(10285, 55, 176, '6604', 'Y'),
(10286, 55, 176, '6605', 'Y'),
(10287, 55, 176, '8850', 'Y'),
(10288, 55, 176, '510DP', 'Y'),
(10289, 55, 176, '721P', 'Y');

-- --------------------------------------------------------

--
-- Table structure for table `printer_types`
--

DROP TABLE IF EXISTS `printer_types`;
CREATE TABLE IF NOT EXISTS `printer_types` (
  `type_id` int(11) NOT NULL AUTO_INCREMENT,
  `man_id` int(11) NOT NULL,
  `type_text` varchar(255) NOT NULL,
  PRIMARY KEY (`type_id`)
) ENGINE=MyISAM AUTO_INCREMENT=177 DEFAULT CHARSET=latin1;

--
-- Dumping data for table `printer_types`
--

INSERT INTO `printer_types` (`type_id`, `man_id`, `type_text`) VALUES
(98, 30, 'InkJet'),
(99, 30, 'Laser'),
(100, 31, 'InkJet'),
(101, 31, 'Laser'),
(102, 31, 'Thermal'),
(103, 32, 'InkJet'),
(104, 32, 'Laser'),
(105, 33, 'InkJet'),
(106, 34, 'Copier-Analog'),
(107, 34, 'Copier-Digital'),
(108, 34, 'FAX-Laser'),
(109, 35, 'Laser'),
(110, 35, 'Multi-Function'),
(111, 35, 'Printer-Laser'),
(112, 36, 'Printer-Laser'),
(113, 37, 'Inkjet'),
(114, 38, 'Printer-Laser'),
(115, 39, 'Copier-Analog'),
(116, 39, 'Copier-Digital'),
(117, 39, 'Duplicator'),
(118, 39, 'Fax-Laser'),
(119, 39, 'Printer-Laser'),
(120, 40, 'InkJet'),
(121, 40, 'Laser'),
(122, 41, 'Laser'),
(123, 42, 'InkJet'),
(124, 42, 'Laser'),
(125, 43, 'InkJet'),
(126, 43, 'Laser'),
(127, 43, 'Multi-Function'),
(128, 44, 'Laser'),
(129, 45, 'Laser'),
(130, 45, 'Thermal'),
(131, 46, 'CashPOS-Supplies'),
(132, 46, 'Fax-Supplies'),
(133, 46, 'Laser'),
(134, 46, 'Thermal'),
(135, 47, 'CashPOS-Supplies'),
(136, 48, 'CashPOS-Supplies'),
(137, 48, 'Copier-Analog'),
(138, 48, 'Copier-Digital'),
(139, 48, 'Duplicator'),
(140, 48, 'Fax'),
(141, 48, 'Fax-InkJet'),
(142, 48, 'InkJet'),
(143, 48, 'Laser'),
(144, 48, 'Multi-Function'),
(145, 48, 'Printer-Inkjet'),
(146, 49, 'Duplicator'),
(147, 49, 'Multi-Function'),
(148, 50, 'Duplicator'),
(149, 50, 'Fax-Laser'),
(150, 50, 'Laser'),
(151, 50, 'Multi-Function'),
(152, 51, 'Copier-Analog'),
(153, 51, 'Copier-Digital'),
(154, 51, 'FAX'),
(155, 51, 'Fax-Inkjet'),
(156, 51, 'Laser'),
(157, 51, 'Multi-Function'),
(158, 52, 'Copier-Digital'),
(159, 52, 'Laser'),
(160, 52, 'Multi-Function'),
(161, 53, 'Laser'),
(162, 54, 'Copier-Analog'),
(163, 54, 'Copier-Digital'),
(164, 54, 'Fax-Laser'),
(165, 54, 'Laser'),
(166, 54, 'Multi-Function'),
(167, 55, 'Copier-Analog'),
(168, 55, 'Copier-Digital'),
(169, 55, 'Fax-Laser'),
(170, 55, 'Fax-Thermal'),
(171, 55, 'Laser'),
(172, 55, 'Multi-Function'),
(173, 55, 'Printer-Inkjet'),
(174, 55, 'Printer-Laser'),
(175, 55, 'Printer-Solid-Ink'),
(176, 55, 'Printer-Wide-Format');

DELIMITER $$
--
-- Events
--
DROP EVENT `delete_event`$$
CREATE DEFINER=`root`@`localhost` EVENT `delete_event` ON SCHEDULE EVERY 1 MINUTE STARTS '2017-02-17 05:24:28' ON COMPLETION PRESERVE DISABLE DO DELETE FROM mytable WHERE date_time < DATE_SUB(NOW(), INTERVAL 5 MINUTE)$$

DELIMITER ;

/*!40101 SET CHARACTER_SET_CLIENT=@OLD_CHARACTER_SET_CLIENT */;
/*!40101 SET CHARACTER_SET_RESULTS=@OLD_CHARACTER_SET_RESULTS */;
/*!40101 SET COLLATION_CONNECTION=@OLD_COLLATION_CONNECTION */;
